fecha_trimestre,sector_economico,rta,miles_de_puestos,salario_anual,salario_mensual
2016-01-01,"A - Agricultura, ganadería, caza y silvicultura",9974508.093301047,805,12390693.283603786,1032557.7736336488
2016-01-01,B - Pesca,644139.3373350105,17,37890549.25500062,3157545.771250052
2016-01-01,C -Explotación de minas y canteras,9828903.630424622,100,98289036.30424623,8190753.025353853
2016-01-01,D - Industria manufacturera,54651668.48318553,1714,31885454.19089004,2657121.18257417
2016-01-01,"E - Electricidad, gas y agua",6938087.749003524,105,66077026.18098595,5506418.848415496
2016-01-01,F -Construcción,13554980.401957847,850,15947035.767009232,1328919.6472507694
2016-01-01,G - Comercio,42834105.19269504,1902,22520560.038220316,1876713.3365183596
2016-01-01,H - Hoteles y restaurantes,7089115.666128383,501,14149931.46931813,1179160.9557765108
2016-01-01,"I -Transporte, almacenamiento y comunicaciones",30885916.815654542,881,35057794.34240016,2921482.8618666804
2016-01-01,J -Intermediación financiera,18666295.33465814,279,66904284.35361339,5575357.029467783
2016-01-01,"K - Actividades inmobiliarias, empresariales y de alquiler",25016310.64949598,927,26986311.380254563,2248859.2816878804
2016-01-01,L -Administración pública y defensa; planes de seguridad social de afiliación obligatoria,64216394.77283721,1558,41217198.185389735,3434766.5154491444
2016-01-01,M -Enseñanza,44666358.763244666,1973,22638803.225162018,1886566.9354301682
2016-01-01,N -Servicios sociales y de salud,23495257.95312528,974,24122441.43031343,2010203.4525261193
2016-01-01,"O -Otras actividades de servicios comunitarias, sociales y personales",14800996.510337766,797,18570886.46215529,1547573.8718462742
2016-01-01,P -Hogares privados con servicio doméstico,6201876.701896933,1635,3793196.7595699895,316099.7299641658
2016-01-01,TOTAL GENERAL,373464916.05528146,15017,24869475.664598882,2072456.30538324
2016-01-01,TOTAL SECTOR PUBLICO,112804893.81011075,3400,33177909.94415022,2764825.828679185
2016-01-01,TOTAL EXCLUIDO SECTOR PUBLICO,260660022.24517074,11617,22437808.577530406,1869817.3814608671
2016-04-01,"A - Agricultura, ganadería, caza y silvicultura",9544744.804664062,805,11856825.844303183,988068.8203585986
2016-04-01,B - Pesca,756672.8065742363,18,42037378.14301312,3503114.845251093
2016-04-01,C -Explotación de minas y canteras,8361474.754264486,102,81975242.68886751,6831270.224072292
2016-04-01,D - Industria manufacturera,51028228.60858951,1685,30283815.19797597,2523651.2664979976
2016-04-01,"E - Electricidad, gas y agua",5978989.916130414,127,47078660.75693239,3923221.729744366
2016-04-01,F -Construcción,14373002.749959016,919,15639828.890053336,1303319.0741711112
2016-04-01,G - Comercio,41752177.67584501,1868,22351272.845741443,1862606.0704784535
2016-04-01,H - Hoteles y restaurantes,6250646.246981697,486,12861412.030826537,1071784.3359022115
2016-04-01,"I -Transporte, almacenamiento y comunicaciones",27960799.18038209,903,30964340.17761029,2580361.6814675243
2016-04-01,J -Intermediación financiera,17915153.30762578,281,63754993.97731595,5312916.164776329
2016-04-01,"K - Actividades inmobiliarias, empresariales y de alquiler",23287669.025322665,899,25903969.994797178,2158664.166233098
2016-04-01,L -Administración pública y defensa; planes de seguridad social de afiliación obligatoria,63318977.500582606,1554,40745802.767427675,3395483.5639523063
2016-04-01,M -Enseñanza,44799994.05138361,2027,22101625.087017074,1841802.090584756
2016-04-01,N -Servicios sociales y de salud,22706766.585779756,973,23336861.855888754,1944738.4879907295
2016-04-01,"O -Otras actividades de servicios comunitarias, sociales y personales",13906093.521790702,793,17536057.404527996,1461338.1170439997
2016-04-01,P -Hogares privados con servicio doméstico,5772602.4476564275,1715,3365948.9490708034,280495.7457559003
2016-04-01,TOTAL GENERAL,357713993.1835321,15153,23606810.082725015,1967234.173560418
2016-04-01,TOTAL SECTOR PUBLICO,111425644.44195075,3399,32781890.097661298,2731824.174805108
2016-04-01,TOTAL EXCLUIDO SECTOR PUBLICO,246288348.74158132,11755,20951794.8738053,1745982.9061504416
2016-07-01,"A - Agricultura, ganadería, caza y silvicultura",10497188.542583648,919,11422403.201940859,951866.9334950716
2016-07-01,B - Pesca,1111882.0449270546,17,65404826.17217968,5450402.181014973
2016-07-01,C -Explotación de minas y canteras,8468405.93022247,95,89141115.05497338,7428426.254581115
2016-07-01,D - Industria manufacturera,51531161.28866869,1731,29769590.576931655,2480799.214744305
2016-07-01,"E - Electricidad, gas y agua",6115708.444665407,114,53646565.30408252,4470547.108673544
2016-07-01,F -Construcción,13749483.038211102,872,15767755.777765024,1313979.6481470854
2016-07-01,G - Comercio,40282174.66841437,1914,21046068.26980897,1753839.0224840809
2016-07-01,H - Hoteles y restaurantes,6569315.809437045,476,13801083.633271102,1150090.3027725918
2016-07-01,"I -Transporte, almacenamiento y comunicaciones",28315580.747673597,859,32963423.454800464,2746951.9545667055
2016-07-01,J -Intermediación financiera,15537536.327268606,274,56706336.960834324,4725528.080069527
2016-07-01,"K - Actividades inmobiliarias, empresariales y de alquiler",23224735.91331968,885,26242639.450078733,2186886.6208398943
2016-07-01,L -Administración pública y defensa; planes de seguridad social de afiliación obligatoria,63896682.43274879,1562,40906966.986394875,3408913.915532906
2016-07-01,M -Enseñanza,45579191.8177695,2040,22342741.087141912,1861895.0905951594
2016-07-01,N -Servicios sociales y de salud,24067175.36117156,1047,22986795.951453257,1915566.3292877714
2016-07-01,"O -Otras actividades de servicios comunitarias, sociales y personales",14811594.405724155,834,17759705.522451025,1479975.460204252
2016-07-01,P -Hogares privados con servicio doméstico,6189642.567337848,1712,3615445.424846874,301287.1187372395
2016-07-01,TOTAL GENERAL,359947459.34014356,15350,23449345.88535137,1954112.1571126143
2016-07-01,TOTAL SECTOR PUBLICO,113219375.85012911,3433,32979719.152382497,2748309.929365208
2016-07-01,TOTAL EXCLUIDO SECTOR PUBLICO,246728083.4900144,11917,20703875.429219972,1725322.9524349978
2016-10-01,"A - Agricultura, ganadería, caza y silvicultura",11096795.722314034,957,11595397.828959282,966283.1524132736
2016-10-01,B - Pesca,892663.2198119954,16,55791451.23824971,4649287.603187476
2016-10-01,C -Explotación de minas y canteras,8501474.332047783,93,91413702.49513745,7617808.541261454
2016-10-01,D - Industria manufacturera,53790871.430420764,1697,31697626.063889667,2641468.8386574723
2016-10-01,"E - Electricidad, gas y agua",6235464.040453848,114,54697052.98643727,4558087.748869772
2016-10-01,F -Construcción,14410947.68710008,873,16507385.666781306,1375615.4722317755
2016-10-01,G - Comercio,41681195.28187155,1901,21925931.237175986,1827160.9364313323
2016-10-01,H - Hoteles y restaurantes,6784557.683599218,487,13931329.945788948,1160944.162149079
2016-10-01,"I -Transporte, almacenamiento y comunicaciones",29529021.516014263,857,34456267.813318856,2871355.6511099045
2016-10-01,J -Intermediación financiera,17971705.393356934,281,63956246.951448165,5329687.245954013
2016-10-01,"K - Actividades inmobiliarias, empresariales y de alquiler",24479749.323770598,919,26637376.84849902,2219781.404041585
2016-10-01,L -Administración pública y defensa; planes de seguridad social de afiliación obligatoria,72382326.88002074,1560,46398927.48719278,3866577.2905993983
2016-10-01,M -Enseñanza,46381945.589815535,2072,22385108.875393596,1865425.739616133
2016-10-01,N -Servicios sociales y de salud,24862140.627755634,1026,24232105.87500549,2019342.1562504575
2016-10-01,"O -Otras actividades de servicios comunitarias, sociales y personales",15119902.499079702,823,18371691.979440708,1530974.331620059
2016-10-01,P -Hogares privados con servicio doméstico,5897280.71599826,1723,3422681.7852572612,285223.48210477177
2016-10-01,TOTAL GENERAL,380018041.94343096,15400,24676496.230092917,2056374.6858410763
2016-10-01,TOTAL SECTOR PUBLICO,122836869.95231305,3449,35615213.09142158,2967934.424285132
2016-10-01,TOTAL EXCLUIDO SECTOR PUBLICO,257181171.9911179,11951,21519636.180329505,1793303.0150274588
2017-01-01,"A - Agricultura, ganadería, caza y silvicultura",10232748.561876308,836,12240129.858703718,1020010.8215586431
2017-01-01,B - Pesca,710474.2114103719,17,41792600.67119835,3482716.7225998626
2017-01-01,C -Explotación de minas y canteras,9140793.876673164,94,97242488.0497145,8103540.670809542
2017-01-01,D - Industria manufacturera,53551788.61808328,1656,32338036.605122756,2694836.3837602297
2017-01-01,"E - Electricidad, gas y agua",7306519.100938013,106,68929425.4805473,5744118.790045608
2017-01-01,F -Construcción,14179492.816970674,868,16335821.21770815,1361318.4348090126
2017-01-01,G - Comercio,43156871.665900595,1894,22786099.084424812,1898841.5903687344
2017-01-01,H - Hoteles y restaurantes,6984789.241208674,497,14053901.89378003,1171158.4911483359
2017-01-01,"I -Transporte, almacenamiento y comunicaciones",31123659.228177093,885,35167976.52901366,2930664.7107511386
2017-01-01,J -Intermediación financiera,20030668.874356087,278,72052765.73509383,6004397.144591153
2017-01-01,"K - Actividades inmobiliarias, empresariales y de alquiler",25587854.738620277,927,27602863.79570688,2300238.64964224
2017-01-01,L -Administración pública y defensa; planes de seguridad social de afiliación obligatoria,63687626.29728707,1576,40410930.391679615,3367577.5326399677
2017-01-01,M -Enseñanza,44456573.892407045,1985,22396258.887862492,1866354.9073218743
2017-01-01,N -Servicios sociales y de salud,23498579.28573307,994,23640421.816632867,1970035.1513860722
2017-01-01,"O -Otras actividades de servicios comunitarias, sociales y personales",15092261.572001038,803,18794846.291408516,1566237.1909507096
2017-01-01,P -Hogares privados con servicio doméstico,6033058.073962461,1609,3749569.965172443,312464.16376437026
2017-01-01,TOTAL GENERAL,374773760.0556053,15024,24945005.328514732,2078750.4440428943
2017-01-01,TOTAL SECTOR PUBLICO,112010659.64720136,3427,32684756.243712097,2723729.686976008
2017-01-01,TOTAL EXCLUIDO SECTOR PUBLICO,262763100.4084039,11597,22657851.203621965,1888154.266968497
2017-04-01,"A - Agricultura, ganadería, caza y silvicultura",10258412.066821456,832,12329822.195698865,1027485.1829749054
2017-04-01,B - Pesca,808207.9934753668,18,44900444.08196482,3741703.673497068
2017-04-01,C -Explotación de minas y canteras,8030758.7585969595,97,82791327.40821609,6899277.284018007
2017-04-01,D - Industria manufacturera,52587531.3147784,1665,31584102.891758803,2632008.5743132336
2017-04-01,"E - Electricidad, gas y agua",6596468.383014586,125,52771747.06411669,4397645.58867639
2017-04-01,F -Construcción,15937347.163197417,963,16549685.527723173,1379140.4606435976
2017-04-01,G - Comercio,43380345.12446146,1895,22892002.7042013,1907666.892016775
2017-04-01,H - Hoteles y restaurantes,6611669.156619799,481,13745673.922286486,1145472.826857207
2017-04-01,"I -Transporte, almacenamiento y comunicaciones",29973967.138008453,912,32866192.03728997,2738849.336440831
2017-04-01,J -Intermediación financiera,17204323.513947144,282,61008239.41116009,5084019.950930008
2017-04-01,"K - Actividades inmobiliarias, empresariales y de alquiler",24890690.081062607,910,27352406.682486385,2279367.223540532
2017-04-01,L -Administración pública y defensa; planes de seguridad social de afiliación obligatoria,65464326.41245944,1572,41643973.54482152,3470331.128735127
2017-04-01,M -Enseñanza,45883409.704253815,2033,22569311.217045654,1880775.9347538045
2017-04-01,N -Servicios sociales y de salud,23895826.284220755,995,24015905.81328719,2001325.4844405993
2017-04-01,"O -Otras actividades de servicios comunitarias, sociales y personales",15518135.6227104,811,19134569.20186239,1594547.4334885327
2017-04-01,P -Hogares privados con servicio doméstico,5936135.92221414,1653,3591128.809566933,299260.73413057777
2017-04-01,TOTAL GENERAL,372977554.63984233,15245,24465566.063617077,2038797.1719680896
2017-04-01,TOTAL SECTOR PUBLICO,114834672.26077783,3436,33421033.836082023,2785086.1530068354
2017-04-01,TOTAL EXCLUIDO SECTOR PUBLICO,258142882.37906438,11810,21857991.7340444,1821499.3111703666
2017-07-01,"A - Agricultura, ganadería, caza y silvicultura",10593703.522586098,898,11796997.24118719,983083.1034322659
2017-07-01,B - Pesca,1147194.5365849668,18,63733029.810275935,5311085.817522994
2017-07-01,C -Explotación de minas y canteras,7789270.82146047,91,85596382.65341176,7133031.887784313
2017-07-01,D - Industria manufacturera,52701321.76281368,1703,30946166.625257593,2578847.218771466
2017-07-01,"E - Electricidad, gas y agua",6585318.648204916,118,55807785.15427895,4650648.762856579
2017-07-01,F -Construcción,16310047.846311312,947,17222859.394204132,1435238.2828503444
2017-07-01,G - Comercio,43307052.93430913,1916,22602845.9991175,1883570.4999264583
2017-07-01,H - Hoteles y restaurantes,6851608.091286713,495,13841632.507649925,1153469.3756374938
2017-07-01,"I -Transporte, almacenamiento y comunicaciones",29983628.332719095,873,34345507.826711446,2862125.652225954
2017-07-01,J -Intermediación financiera,16109051.29466298,275,58578368.34422902,4881530.695352418
2017-07-01,"K - Actividades inmobiliarias, empresariales y de alquiler",25398625.454894602,922,27547316.111599352,2295609.6759666125
2017-07-01,L -Administración pública y defensa; planes de seguridad social de afiliación obligatoria,63579987.12926967,1575,40368245.79636169,3364020.483030141
2017-07-01,M -Enseñanza,46651416.77314837,2090,22321252.044568602,1860104.3370473834
2017-07-01,N -Servicios sociales y de salud,25107903.87847128,1043,24072774.571880423,2006064.5476567019
2017-07-01,"O -Otras actividades de servicios comunitarias, sociales y personales",15875078.296444947,871,18226266.700855277,1518855.5584046065
2017-07-01,P -Hogares privados con servicio doméstico,6391672.34062254,1671,3825058.2529159426,318754.8544096619
2017-07-01,TOTAL GENERAL,374382881.66379076,15505,24145945.286281247,2012162.107190104
2017-07-01,TOTAL SECTOR PUBLICO,113819637.82534467,3469,32810503.841263957,2734208.653438663
2017-07-01,TOTAL EXCLUIDO SECTOR PUBLICO,260563243.83844608,12035,21650456.488445874,1804204.7073704896
2017-10-01,"A - Agricultura, ganadería, caza y silvicultura",11319911.615421655,963,11754840.722140867,979570.0601784056
2017-10-01,B - Pesca,906238.6658588839,15,60415911.05725893,5034659.254771577
2017-10-01,C -Explotación de minas y canteras,8163807.346908529,91,89712168.64734648,7476014.05394554
2017-10-01,D - Industria manufacturera,54756842.69041899,1724,31761509.681217514,2646792.473434793
2017-10-01,"E - Electricidad, gas y agua",6501138.290198636,118,55094392.28981896,4591199.357484913
2017-10-01,F -Construcción,16011532.86858856,917,17460777.392135832,1455064.782677986
2017-10-01,G - Comercio,43753439.04151002,1984,22053144.678180456,1837762.056515038
2017-10-01,H - Hoteles y restaurantes,7193080.520625958,517,13913115.12693609,1159426.2605780074
2017-10-01,"I -Transporte, almacenamiento y comunicaciones",29892156.407924812,895,33399057.43902214,2783254.786585178
2017-10-01,J -Intermediación financiera,17993189.16154052,279,64491717.424876414,5374309.785406368
2017-10-01,"K - Actividades inmobiliarias, empresariales y de alquiler",26295980.365968738,956,27506255.61293801,2292187.9677448343
2017-10-01,L -Administración pública y defensa; planes de seguridad social de afiliación obligatoria,73632692.77359124,1580,46602970.10986787,3883580.8424889892
2017-10-01,M -Enseñanza,48087516.31208947,2114,22747169.49483892,1895597.4579032434
2017-10-01,N -Servicios sociales y de salud,25152378.727638513,1061,23706294.74800991,1975524.5623341592
2017-10-01,"O -Otras actividades de servicios comunitarias, sociales y personales",16079003.118917666,891,18046019.213151142,1503834.9344292618
2017-10-01,P -Hogares privados con servicio doméstico,6020513.427778923,1663,3620272.6565116793,301689.38804263994
2017-10-01,TOTAL GENERAL,391759421.334981,15771,24840493.39515446,2070041.1162628718
2017-10-01,TOTAL SECTOR PUBLICO,125780937.25210181,3486,36081737.59383299,3006811.4661527495
2017-10-01,TOTAL EXCLUIDO SECTOR PUBLICO,265978484.0828793,12285,21650670.255016632,1804222.521251386
2018-01-01,"A - Agricultura, ganadería, caza y silvicultura",10069783.176473137,846,11902816.993467065,991901.4161222554
2018-01-01,B - Pesca,781517.4025394953,17,45971611.91408796,3830967.65950733
2018-01-01,C -Explotación de minas y canteras,8769996.742249243,94,93297837.68350258,7774819.806958549
2018-01-01,D - Industria manufacturera,53296550.24175337,1718,31022439.023139328,2585203.2519282773
2018-01-01,"E - Electricidad, gas y agua",7090648.659483455,110,64460442.3589405,5371703.529911708
2018-01-01,F -Construcción,15136517.763688946,936,16171493.337274514,1347624.444772876
2018-01-01,G - Comercio,44016007.69370343,1953,22537638.34803043,1878136.5290025359
2018-01-01,H - Hoteles y restaurantes,7152579.617760873,540,13245517.810668284,1103793.1508890237
2018-01-01,"I -Transporte, almacenamiento y comunicaciones",30902570.386340052,892,34644137.204417095,2887011.4337014244
2018-01-01,J -Intermediación financiera,19537266.506601535,281,69527638.8135286,5793969.901127383
2018-01-01,"K - Actividades inmobiliarias, empresariales y de alquiler",26332971.714810237,952,27660684.574380502,2305057.047865042
2018-01-01,L -Administración pública y defensa; planes de seguridad social de afiliación obligatoria,62707986.13716382,1596,39290718.13105503,3274226.5109212524
2018-01-01,M -Enseñanza,44007885.06724722,2028,21700140.565703757,1808345.0471419797
2018-01-01,N -Servicios sociales y de salud,24307766.537392814,1059,22953509.47818018,1912792.456515015
2018-01-01,"O -Otras actividades de servicios comunitarias, sociales y personales",15939645.408918643,858,18577675.30176998,1548139.6084808316
2018-01-01,P -Hogares privados con servicio doméstico,6415769.463600124,1621,3957908.3674275903,329825.69728563254
2018-01-01,TOTAL GENERAL,376465462.51972646,15504,24281828.07789773,2023485.6731581443
2018-01-01,TOTAL SECTOR PUBLICO,110249225.29165618,3486,31626283.789918587,2635523.649159882
2018-01-01,TOTAL EXCLUIDO SECTOR PUBLICO,266216237.2280702,12017,22153302.590336207,1846108.549194684
2018-04-01,"A - Agricultura, ganadería, caza y silvicultura",9885809.956705479,820,12055865.80086034,1004655.4834050284
2018-04-01,B - Pesca,878676.0291936317,18,48815334.95520176,4067944.5796001465
2018-04-01,C -Explotación de minas y canteras,8480685.021811226,101,83967178.43377452,6997264.86948121
2018-04-01,D - Industria manufacturera,50227055.34419959,1646,30514614.42539465,2542884.535449554
2018-04-01,"E - Electricidad, gas y agua",6321034.771311417,128,49383084.15087044,4115257.0125725367
2018-04-01,F -Construcción,16567864.2411577,1013,16355246.042603849,1362937.1702169874
2018-04-01,G - Comercio,43260909.03424458,1941,22287949.01300597,1857329.084417164
2018-04-01,H - Hoteles y restaurantes,6266343.072639095,487,12867234.235398551,1072269.5196165459
2018-04-01,"I -Transporte, almacenamiento y comunicaciones",29725150.9688022,925,32135298.344651025,2677941.5287209186
2018-04-01,J -Intermediación financiera,16806197.656585243,284,59176752.31191987,4931396.025993322
2018-04-01,"K - Actividades inmobiliarias, empresariales y de alquiler",25418290.733150285,945,26897662.151481785,2241471.8459568154
2018-04-01,L -Administración pública y defensa; planes de seguridad social de afiliación obligatoria,64489704.65306975,1577,40893915.442656785,3407826.2868880653
2018-04-01,M -Enseñanza,45744908.30892813,2077,22024510.50020613,1835375.8750171775
2018-04-01,N -Servicios sociales y de salud,24263511.570866905,1016,23881409.026443806,1990117.418870317
2018-04-01,"O -Otras actividades de servicios comunitarias, sociales y personales",15536084.819932686,854,18192136.791490264,1516011.3992908553
2018-04-01,P -Hogares privados con servicio doméstico,5855484.881134318,1633,3585722.5236584926,298810.2103048744
2018-04-01,TOTAL GENERAL,369727711.0637322,15466,23905839.329091698,1992153.2774243082
2018-04-01,TOTAL SECTOR PUBLICO,113892540.95101346,3476,32765403.03538937,2730450.2529491144
2018-04-01,TOTAL EXCLUIDO SECTOR PUBLICO,255835170.11271876,11990,21337378.658275124,1778114.8881895936
2018-07-01,"A - Agricultura, ganadería, caza y silvicultura",9846144.784766259,903,10903814.822553996,908651.235212833
2018-07-01,B - Pesca,1537579.8075362279,18,85421100.41867933,7118425.034889944
2018-07-01,C -Explotación de minas y canteras,8027132.86181005,94,85395030.44478777,7116252.537065648
2018-07-01,D - Industria manufacturera,47086859.937955365,1638,28746556.73867849,2395546.394889874
2018-07-01,"E - Electricidad, gas y agua",6331120.865812152,119,53202696.351362616,4433558.029280218
2018-07-01,F -Construcción,14981241.965891112,972,15412800.376431184,1284400.0313692654
2018-07-01,G - Comercio,39569969.40910645,1931,20491957.22895207,1707663.1024126725
2018-07-01,H - Hoteles y restaurantes,6174878.188036143,498,12399353.791237233,1033279.4826031028
2018-07-01,"I -Transporte, almacenamiento y comunicaciones",27008637.921501603,862,31332526.591069143,2611043.8825890953
2018-07-01,J -Intermediación financiera,15209103.21995782,275,55305829.890755706,4608819.157562976
2018-07-01,"K - Actividades inmobiliarias, empresariales y de alquiler",24188843.616309304,928,26065564.24171261,2172130.353476051
2018-07-01,L -Administración pública y defensa; planes de seguridad social de afiliación obligatoria,58854987.193561405,1579,37273582.7698299,3106131.8974858248
2018-07-01,M -Enseñanza,41486374.85828736,2113,19633873.572308265,1636156.1310256887
2018-07-01,N -Servicios sociales y de salud,23231904.24634527,1057,21979095.786513973,1831591.315542831
2018-07-01,"O -Otras actividades de servicios comunitarias, sociales y personales",14310450.72916254,854,16756968.06693506,1396414.0055779216
2018-07-01,P -Hogares privados con servicio doméstico,5992280.730822111,1690,3545728.243090006,295477.35359083384
2018-07-01,TOTAL GENERAL,343837510.33686113,15529,22141638.890904833,1845136.5742420694
2018-07-01,TOTAL SECTOR PUBLICO,103498091.90315458,3493,29630143.688277863,2469178.640689822
2018-07-01,TOTAL EXCLUIDO SECTOR PUBLICO,240339418.43370664,12036,19968379.730284702,1664031.6441903918
2018-10-01,"A - Agricultura, ganadería, caza y silvicultura",9610175.381095273,991,9697452.453173839,808121.0377644865
2018-10-01,B - Pesca,1151018.8149217241,16,71938675.93260776,5994889.661050647
2018-10-01,C -Explotación de minas y canteras,7989687.839263698,96,83225914.9923302,6935492.916027516
2018-10-01,D - Industria manufacturera,46186624.29043532,1613,28633989.020728655,2386165.751727388
2018-10-01,"E - Electricidad, gas y agua",5879929.428317399,118,49829910.40946948,4152492.5341224563
2018-10-01,F -Construcción,14517709.349946972,946,15346415.80332661,1278867.9836105509
2018-10-01,G - Comercio,38792413.71154454,1935,20047759.024054028,1670646.5853378356
2018-10-01,H - Hoteles y restaurantes,6169368.696137453,510,12096801.364975398,1008066.7804146166
2018-10-01,"I -Transporte, almacenamiento y comunicaciones",25860955.128950633,888,29122697.217286747,2426891.4347738954
2018-10-01,J -Intermediación financiera,16534803.03744218,279,59264527.015921794,4938710.584660149
2018-10-01,"K - Actividades inmobiliarias, empresariales y de alquiler",24032583.15542625,958,25086203.711300887,2090516.9759417407
2018-10-01,L -Administración pública y defensa; planes de seguridad social de afiliación obligatoria,65535275.8326189,1581,41451787.370410435,3454315.6142008696
2018-10-01,M -Enseñanza,44699819.01071812,2149,20800288.045936774,1733357.3371613978
2018-10-01,N -Servicios sociales y de salud,22706455.5337555,1065,21320615.52465305,1776717.9603877543
2018-10-01,"O -Otras actividades de servicios comunitarias, sociales y personales",14213927.99640578,879,16170566.548812037,1347547.212401003
2018-10-01,P -Hogares privados con servicio doméstico,5334291.729130158,1704,3130452.8926820178,260871.07439016816
2018-10-01,TOTAL GENERAL,349215038.9361099,15728,22203397.69431014,1850283.1411925117
2018-10-01,TOTAL SECTOR PUBLICO,113774023.43156569,3505,32460491.706580795,2705040.9755483996
2018-10-01,TOTAL EXCLUIDO SECTOR PUBLICO,235441015.50454426,12222,19263706.063209314,1605308.8386007762
2019-01-01,"A - Agricultura, ganadería, caza y silvicultura",9232044.066411255,859,10747431.974867586,895619.3312389655
2019-01-01,B - Pesca,930855.665935126,19,48992403.47026979,4082700.289189149
2019-01-01,C -Explotación de minas y canteras,8995464.724602036,100,89954647.24602038,7496220.603835031
2019-01-01,D - Industria manufacturera,44598445.08427252,1620,27529904.373007726,2294158.697750644
2019-01-01,"E - Electricidad, gas y agua",6392313.137951626,111,57588406.64821285,4799033.8873510705
2019-01-01,F -Construcción,13354306.510065818,926,14421497.311086196,1201791.4425905163
2019-01-01,G - Comercio,38931646.097454935,1947,19995709.34640726,1666309.112200605
2019-01-01,H - Hoteles y restaurantes,5935257.494964799,536,11073241.59508358,922770.1329236316
2019-01-01,"I -Transporte, almacenamiento y comunicaciones",27325567.851138603,879,31087107.90800751,2590592.3256672923
2019-01-01,J -Intermediación financiera,18062018.702416945,280,64507209.651489094,5375600.8042907575
2019-01-01,"K - Actividades inmobiliarias, empresariales y de alquiler",24370832.527552415,954,25545946.045652427,2128828.8371377024
2019-01-01,L -Administración pública y defensa; planes de seguridad social de afiliación obligatoria,56143878.41035087,1596,35177868.678164706,2931489.0565137253
2019-01-01,M -Enseñanza,40271207.42177559,2045,19692521.966638427,1641043.497219869
2019-01-01,N -Servicios sociales y de salud,21882481.622627985,1086,20149614.75380109,1679134.5628167575
2019-01-01,"O -Otras actividades de servicios comunitarias, sociales y personales",13924522.024953617,853,16324175.87919533,1360347.9899329443
2019-01-01,P -Hogares privados con servicio doméstico,5589823.01924348,1732,3227380.496099007,268948.37467491726
2019-01-01,TOTAL GENERAL,335940664.3617176,15542,21615021.51342926,1801251.792785772
2019-01-01,TOTAL SECTOR PUBLICO,99546323.28122234,3497,28466206.257141076,2372183.8547617565
2019-01-01,TOTAL EXCLUIDO SECTOR PUBLICO,236394341.0804952,12045,19625931.181444187,1635494.265120349
2019-04-01,"A - Agricultura, ganadería, caza y silvicultura",9268606.137679113,836,11086849.446984585,923904.1205820488
2019-04-01,B - Pesca,953862.2964831719,16,59616393.53019824,4968032.794183186
2019-04-01,C -Explotación de minas y canteras,8508771.478637783,104,81815110.37151715,6817925.864293096
2019-04-01,D - Industria manufacturera,43649627.87336518,1614,27044379.1036959,2253698.258641325
2019-04-01,"E - Electricidad, gas y agua",5780998.611998077,126,45880941.3650641,3823411.780422008
2019-04-01,F -Construcción,14682263.910822168,1053,13943270.570581356,1161939.214215113
2019-04-01,G - Comercio,36854352.75070422,1917,19225014.476110704,1602084.539675892
2019-04-01,H - Hoteles y restaurantes,5231452.342762898,468,11178316.971715594,931526.4143096328
2019-04-01,"I -Transporte, almacenamiento y comunicaciones",25279625.160049908,900,28088472.400055453,2340706.0333379544
2019-04-01,J -Intermediación financiera,15737432.209630406,283,55609301.09410038,4634108.424508365
2019-04-01,"K - Actividades inmobiliarias, empresariales y de alquiler",23464793.874079995,944,24856773.171694912,2071397.7643079094
2019-04-01,L -Administración pública y defensa; planes de seguridad social de afiliación obligatoria,58865416.37039587,1591,36999004.632555544,3083250.3860462955
2019-04-01,M -Enseñanza,42106061.18296397,2080,20243298.645655755,1686941.5538046462
2019-04-01,N -Servicios sociales y de salud,21614093.46417064,1005,21506560.660866305,1792213.3884055254
2019-04-01,"O -Otras actividades de servicios comunitarias, sociales y personales",13663012.776747663,821,16641915.684223706,1386826.307018642
2019-04-01,P -Hogares privados con servicio doméstico,5212838.580360475,1741,2994163.457989934,249513.62149916115
2019-04-01,TOTAL GENERAL,330873209.02085155,15498,21349413.409527138,1779117.7841272615
2019-04-01,TOTAL SECTOR PUBLICO,104209495.6701044,3496,29808208.143622544,2484017.3453018786
2019-04-01,TOTAL EXCLUIDO SECTOR PUBLICO,226663713.3507472,12002,18885495.19669615,1573791.266391346
2019-07-01,"A - Agricultura, ganadería, caza y silvicultura",9583915.063580785,904,10601675.95528848,883472.99627404
2019-07-01,B - Pesca,1379218.4792264532,17,81130498.77802666,6760874.898168888
2019-07-01,C -Explotación de minas y canteras,8072272.8354944745,99,81538109.44943914,6794842.454119928
2019-07-01,D - Industria manufacturera,42676334.32759126,1625,26262359.58621001,2188529.965517501
2019-07-01,"E - Electricidad, gas y agua",5773086.884348965,118,48924465.121601395,4077038.7601334495
2019-07-01,F -Construcción,13950218.601468688,949,14699914.227048142,1224992.852254012
2019-07-01,G - Comercio,35787817.87721477,1917,18668658.2562414,1555721.52135345
2019-07-01,H - Hoteles y restaurantes,5316726.21782254,466,11409283.729232918,950773.6441027432
2019-07-01,"I -Transporte, almacenamiento y comunicaciones",25054246.939801022,863,29031572.352028996,2419297.6960024163
2019-07-01,J -Intermediación financiera,14704168.796423782,271,54258925.44805823,4521577.120671519
2019-07-01,"K - Actividades inmobiliarias, empresariales y de alquiler",23101765.63367914,922,25056144.93891447,2088012.0782428726
2019-07-01,L -Administración pública y defensa; planes de seguridad social de afiliación obligatoria,56804292.36347132,1602,35458359.77744777,2954863.314787314
2019-07-01,M -Enseñanza,40432607.66620151,2112,19144227.114678744,1595352.259556562
2019-07-01,N -Servicios sociales y de salud,21990573.59368638,1065,20648425.909564674,1720702.1591303896
2019-07-01,"O -Otras actividades de servicios comunitarias, sociales y personales",13530085.319112938,816,16580986.91067762,1381748.9092231349
2019-07-01,P -Hogares privados con servicio doméstico,5631119.327815456,1742,3232559.8896759218,269379.9908063268
2019-07-01,TOTAL GENERAL,323788449.9269395,15487,20907112.412148222,1742259.3676790185
2019-07-01,TOTAL SECTOR PUBLICO,100392238.89136665,3533,28415578.514397576,2367964.876199798
2019-07-01,TOTAL EXCLUIDO SECTOR PUBLICO,223396211.03557286,11954,18687988.20776082,1557332.350646735
2019-10-01,"A - Agricultura, ganadería, caza y silvicultura",9403458.37090534,1001,9394064.306598742,782838.6922165618
2019-10-01,B - Pesca,1040894.3541833797,16,65055897.13646123,5421324.761371769
2019-10-01,C -Explotación de minas y canteras,8257564.516214444,99,83409742.58802469,6950811.882335391
2019-10-01,D - Industria manufacturera,42391040.48900933,1610,26329838.81304927,2194153.2344207726
2019-10-01,"E - Electricidad, gas y agua",5698725.063251346,119,47888445.90967518,3990703.825806265
2019-10-01,F -Construcción,13423554.03476239,919,14606696.446966693,1217224.703913891
2019-10-01,G - Comercio,35390487.029934555,1917,18461391.25192204,1538449.2709935035
2019-10-01,H - Hoteles y restaurantes,5644424.877658393,511,11045841.247863784,920486.7706553154
2019-10-01,"I -Transporte, almacenamiento y comunicaciones",24208412.603364997,881,27478334.396555047,2289861.1997129205
2019-10-01,J -Intermediación financiera,16620290.424216863,274,60657994.24896666,5054832.854080555
2019-10-01,"K - Actividades inmobiliarias, empresariales y de alquiler",23682246.671698645,967,24490430.89110511,2040869.240925426
2019-10-01,L -Administración pública y defensa; planes de seguridad social de afiliación obligatoria,59940589.65380917,1614,37137911.805334054,3094825.983777838
2019-10-01,M -Enseñanza,41875382.62526497,2146,19513225.827243693,1626102.1522703078
2019-10-01,N -Servicios sociales y de salud,21400267.262050666,1107,19331768.07773321,1610980.6731444343
2019-10-01,"O -Otras actividades de servicios comunitarias, sociales y personales",13505837.14538259,854,15814797.594124813,1317899.799510401
2019-10-01,P -Hogares privados con servicio doméstico,5363383.196125868,1756,3054318.4488188317,254526.5374015693
2019-10-01,TOTAL GENERAL,327846558.31783295,15789,20764238.287278038,1730353.190606503
2019-10-01,TOTAL SECTOR PUBLICO,105118602.86855026,3546,29644276.04866053,2470356.3373883776
2019-10-01,TOTAL EXCLUIDO SECTOR PUBLICO,222727955.44928265,12242,18193755.550505035,1516146.2958754196
2020-01-01,"A - Agricultura, ganadería, caza y silvicultura",9020736.236775197,831,10855278.263267385,904606.5219389488
2020-01-01,B - Pesca,865310.6928566655,18,48072816.26981475,4006068.022484563
2020-01-01,C -Explotación de minas y canteras,9062953.960541822,101,89732217.43110715,7477684.785925596
2020-01-01,D - Industria manufacturera,42702696.37750261,1592,26823301.74466244,2235275.1453885366
2020-01-01,"E - Electricidad, gas y agua",6189451.093494671,111,55760820.66211416,4646735.05517618
2020-01-01,F -Construcción,12190560.702472823,865,14093133.760084188,1174427.813340349
2020-01-01,G - Comercio,37849288.82166402,1985,19067651.799326964,1588970.983277247
2020-01-01,H - Hoteles y restaurantes,5553399.879859826,529,10497920.377806854,874826.6981505711
2020-01-01,"I -Transporte, almacenamiento y comunicaciones",26785635.662005316,865,30966052.788445454,2580504.3990371213
2020-01-01,J -Intermediación financiera,17749318.480958853,276,64309124.93101033,5359093.744250861
2020-01-01,"K - Actividades inmobiliarias, empresariales y de alquiler",24792019.836076427,952,26042037.64293742,2170169.8035781183
2020-01-01,L -Administración pública y defensa; planes de seguridad social de afiliación obligatoria,51250716.48281524,1629,31461458.859923415,2621788.2383269514
2020-01-01,M -Enseñanza,38870333.2437714,2048,18979654.904185254,1581637.9086821044
2020-01-01,N -Servicios sociales y de salud,21179411.80383953,1129,18759443.58178878,1563286.9651490648
2020-01-01,"O -Otras actividades de servicios comunitarias, sociales y personales",13454151.215442384,845,15922072.444310512,1326839.3703592094
2020-01-01,P -Hogares privados con servicio doméstico,5375000.752075311,1698,3165489.2532834574,263790.7711069548
2020-01-01,TOTAL GENERAL,322890985.24215204,15474,20866678.637853954,1738889.8864878295
2020-01-01,TOTAL SECTOR PUBLICO,92996857.03421073,3543,26248054.483265802,2187337.8736054837
2020-01-01,TOTAL EXCLUIDO SECTOR PUBLICO,229894128.20794138,11930,19270253.831344623,1605854.4859453852
2020-04-01,"A - Agricultura, ganadería, caza y silvicultura",10212734.971245665,846,12071790.746153269,1005982.5621794391
2020-04-01,B - Pesca,782721.5060850894,16,48920094.13031808,4076674.51085984
2020-04-01,C -Explotación de minas y canteras,6864417.381725244,101,67964528.53193311,5663710.710994426
2020-04-01,D - Industria manufacturera,37596079.08853056,1406,26739743.306209505,2228311.9421841255
2020-04-01,"E - Electricidad, gas y agua",5149382.665637227,124,41527279.56159054,3460606.630132545
2020-04-01,F -Construcción,9003921.325018715,681,13221617.21735494,1101801.4347795784
2020-04-01,G - Comercio,32693660.74773919,1720,19007942.295197204,1583995.1912664336
2020-04-01,H - Hoteles y restaurantes,3288767.020825657,333,9876177.239716688,823014.7699763906
2020-04-01,"I -Transporte, almacenamiento y comunicaciones",21695145.074757192,739,29357435.82511122,2446452.985425935
2020-04-01,J -Intermediación financiera,14094777.161870945,265,53187838.34668281,4432319.862223567
2020-04-01,"K - Actividades inmobiliarias, empresariales y de alquiler",22264686.865121335,879,25329564.12414259,2110797.010345216
2020-04-01,L -Administración pública y defensa; planes de seguridad social de afiliación obligatoria,54059171.45257458,1609,33597993.444732495,2799832.787061041
2020-04-01,M -Enseñanza,39663365.11476377,2028,19557872.34455807,1629822.6953798393
2020-04-01,N -Servicios sociales y de salud,19967243.5096494,967,20648648.924146224,1720720.743678852
2020-04-01,"O -Otras actividades de servicios comunitarias, sociales y personales",10409437.31492543,671,15513319.396312116,1292776.616359343
2020-04-01,P -Hogares privados con servicio doméstico,3834351.120958885,1104,3473144.131303338,289428.67760861147
2020-04-01,TOTAL GENERAL,291579862.3214289,13488,21617724.074839033,1801477.006236586
2020-04-01,TOTAL SECTOR PUBLICO,96808726.6594612,3509,27588693.83284731,2299057.819403942
2020-04-01,TOTAL EXCLUIDO SECTOR PUBLICO,194771135.6619677,9979,19518101.579513747,1626508.464959479
2020-07-01,"A - Agricultura, ganadería, caza y silvicultura",10177331.50468245,917,11098507.638694055,924875.636557838
2020-07-01,B - Pesca,1131856.5898261818,17,66579799.40154011,5548316.616795009
2020-07-01,C -Explotación de minas y canteras,7071369.210543553,94,75227332.02705908,6268944.335588257
2020-07-01,D - Industria manufacturera,39359620.14409832,1495,26327505.113109246,2193958.7594257705
2020-07-01,"E - Electricidad, gas y agua",5340488.713055151,116,46038695.80219957,3836557.983516631
2020-07-01,F -Construcción,9079527.728381213,698,13007919.381634975,1083993.2818029146
2020-07-01,G - Comercio,31848385.611628115,1724,18473541.538067352,1539461.794838946
2020-07-01,H - Hoteles y restaurantes,3373838.750093857,386,8740514.89661621,728376.2413846841
2020-07-01,"I -Transporte, almacenamiento y comunicaciones",21451767.500107348,765,28041526.143931173,2336793.8453275976
2020-07-01,J -Intermediación financiera,14891810.380397249,265,56195510.869423576,4682959.239118631
2020-07-01,"K - Actividades inmobiliarias, empresariales y de alquiler",22298523.95266971,896,24886745.482890304,2073895.4569075254
2020-07-01,L -Administración pública y defensa; planes de seguridad social de afiliación obligatoria,51635116.758223146,1609,32091433.659554474,2674286.138296206
2020-07-01,M -Enseñanza,37207137.31763085,2065,18017984.173186854,1501498.6810989045
2020-07-01,N -Servicios sociales y de salud,19819588.085078843,1059,18715380.62802535,1559615.0523354458
2020-07-01,"O -Otras actividades de servicios comunitarias, sociales y personales",11282474.427427212,780,14464710.80439386,1205392.5670328217
2020-07-01,P -Hogares privados con servicio doméstico,4277059.632867933,1358,3149528.4483563574,262460.70402969647
2020-07-01,TOTAL GENERAL,290245896.30671114,14243,20378143.390206497,1698178.6158505415
2020-07-01,TOTAL SECTOR PUBLICO,91639432.90083708,3537,25908802.06413262,2159066.8386777183
2020-07-01,TOTAL EXCLUIDO SECTOR PUBLICO,198606463.40587404,10706,18550949.318688028,1545912.4432240024
2020-10-01,"A - Agricultura, ganadería, caza y silvicultura",10066856.749576623,968,10399645.402455188,866637.1168712657
2020-10-01,B - Pesca,933754.9735047133,16,58359685.84404458,4863307.153670382
2020-10-01,C -Explotación de minas y canteras,7051732.332717456,92,76649264.48605931,6387438.707171609
2020-10-01,D - Industria manufacturera,41732386.05838458,1612,25888576.95929565,2157381.4132746374
2020-10-01,"E - Electricidad, gas y agua",5228981.979738485,119,43941025.0398192,3661752.0866516004
2020-10-01,F -Construcción,11421117.864825211,875,13052706.131228812,1087725.5109357343
2020-10-01,G - Comercio,34185649.301783904,1783,19173106.731230456,1597758.8942692047
2020-10-01,H - Hoteles y restaurantes,3701197.9395351047,379,9765693.771860434,813807.8143217028
2020-10-01,"I -Transporte, almacenamiento y comunicaciones",21820865.934030544,770,28338786.927312393,2361565.577276033
2020-10-01,J -Intermediación financiera,15782409.22509542,267,59110146.91046974,4925845.575872478
2020-10-01,"K - Actividades inmobiliarias, empresariales y de alquiler",24086801.660355072,969,24857380.454442803,2071448.371203567
2020-10-01,L -Administración pública y defensa; planes de seguridad social de afiliación obligatoria,57294321.91605698,1608,35630797.211478226,2969233.1009565187
2020-10-01,M -Enseñanza,39271481.64875392,2071,18962569.603454333,1580214.1336211944
2020-10-01,N -Servicios sociales y de salud,20090112.346927192,1124,17873765.433209244,1489480.452767437
2020-10-01,"O -Otras actividades de servicios comunitarias, sociales y personales",11627000.411609937,728,15971154.411552109,1330929.534296009
2020-10-01,P -Hogares privados con servicio doméstico,4078772.6615415458,1485,2746648.256930334,228887.3547441945
2020-10-01,TOTAL GENERAL,308373443.00443673,14864,20746329.588565443,1728860.7990471201
2020-10-01,TOTAL SECTOR PUBLICO,99912336.8612357,3544,28191968.640303522,2349330.7200252935
2020-10-01,TOTAL EXCLUIDO SECTOR PUBLICO,208461106.14320102,11320,18415292.062120233,1534607.6718433527
2021-01-01,"A - Agricultura, ganadería, caza y silvicultura",9236898.772065101,834,11075418.191924581,922951.5159937151
2021-01-01,B - Pesca,881951.8639200958,19,46418519.15368925,3868209.929474104
2021-01-01,C -Explotación de minas y canteras,7779449.505066001,94,82760101.11772342,6896675.093143619
2021-01-01,D - Industria manufacturera,42616345.302069984,1615,26387829.908402465,2198985.8257002053
2021-01-01,"E - Electricidad, gas y agua",5831530.323926032,111,52536309.22455884,4378025.768713237
2021-01-01,F -Construcción,10751600.238852039,856,12560280.652864533,1046690.0544053777
2021-01-01,G - Comercio,36637797.96863477,1938,18904952.512195442,1575412.7093496202
2021-01-01,H - Hoteles y restaurantes,4028564.591376597,403,9996438.192001482,833036.5160001236
2021-01-01,"I -Transporte, almacenamiento y comunicaciones",23566633.56936973,835,28223513.256730217,2351959.4380608513
2021-01-01,J -Intermediación financiera,17691438.607959833,273,64803804.42476129,5400317.035396774
2021-01-01,"K - Actividades inmobiliarias, empresariales y de alquiler",24788528.27695491,967,25634465.643179845,2136205.470264987
2021-01-01,L -Administración pública y defensa; planes de seguridad social de afiliación obligatoria,50608475.91432468,1635,30953196.27787442,2579433.023156202
2021-01-01,M -Enseñanza,36741347.96075638,2043,17984017.601936553,1498668.1334947126
2021-01-01,N -Servicios sociales y de salud,19963577.05913438,1130,17666882.353216264,1472240.1961013554
2021-01-01,"O -Otras actividades de servicios comunitarias, sociales y personales",11954043.818145737,797,14998800.273708578,1249900.0228090482
2021-01-01,P -Hogares privados con servicio doméstico,4063212.947466388,1423,2855385.064979893,237948.7554149911
2021-01-01,TOTAL GENERAL,307141396.7200227,14974,20511646.63550305,1709303.886291921
2021-01-01,TOTAL SECTOR PUBLICO,90401242.97688034,3567,25343774.313675452,2111981.1928062877
2021-01-01,TOTAL EXCLUIDO SECTOR PUBLICO,216740153.74314243,11407,19000627.136244625,1583385.594687052
2021-04-01,"A - Agricultura, ganadería, caza y silvicultura",9406691.373838576,850,11066695.733927736,922224.644493978
2021-04-01,B - Pesca,1036470.0129497327,18,57581667.38609626,4798472.282174689
2021-04-01,C -Explotación de minas y canteras,6950594.925283646,101,68817771.53746185,5734814.294788487
2021-04-01,D - Industria manufacturera,41799811.514672324,1535,27231147.566561773,2269262.2972134813
2021-04-01,"E - Electricidad, gas y agua",5531972.600895629,135,40977574.8214491,3414797.901787425
2021-04-01,F -Construcción,11494132.70234197,904,12714748.564537577,1059562.3803781315
2021-04-01,G - Comercio,35803564.32482579,1962,18248503.73334648,1520708.6444455402
2021-04-01,H - Hoteles y restaurantes,3515526.9053602214,366,9605264.768743774,800438.7307286478
2021-04-01,"I -Transporte, almacenamiento y comunicaciones",22882618.093255047,839,27273680.68325989,2272806.7236049906
2021-04-01,J -Intermediación financiera,14313763.848298041,268,53409566.59812702,4450797.2165105855
2021-04-01,"K - Actividades inmobiliarias, empresariales y de alquiler",24667555.140246566,993,24841445.257045887,2070120.4380871572
2021-04-01,L -Administración pública y defensa; planes de seguridad social de afiliación obligatoria,53857353.08543613,1627,33102245.289143287,2758520.4407619406
2021-04-01,M -Enseñanza,38213513.75677008,2072,18442815.519676678,1536901.2933063898
2021-04-01,N -Servicios sociales y de salud,20849499.408506457,1107,18834236.141378913,1569519.6784482428
2021-04-01,"O -Otras actividades de servicios comunitarias, sociales y personales",11520937.790890038,805,14311723.963838555,1192643.6636532128
2021-04-01,P -Hogares privados con servicio doméstico,3999804.446867067,1397,2863138.473061608,238594.872755134
2021-04-01,TOTAL GENERAL,305843809.9304373,14981,20415446.89476252,1701287.24123021
2021-04-01,TOTAL SECTOR PUBLICO,95282829.79986452,3559,26772360.157309502,2231030.013109125
2021-04-01,TOTAL EXCLUIDO SECTOR PUBLICO,210560980.1305728,11422,18434685.7057059,1536223.808808825
2021-07-01,"A - Agricultura, ganadería, caza y silvicultura",9974096.052596884,935,10667482.409194529,888956.8674328774
2021-07-01,B - Pesca,1421234.7431830838,18,78957485.73239355,6579790.477699462
2021-07-01,C -Explotación de minas y canteras,7022048.926401947,96,73146342.9833536,6095528.581946134
2021-07-01,D - Industria manufacturera,42021915.334146306,1562,26902634.656943858,2241886.221411988
2021-07-01,"E - Electricidad, gas y agua",5273918.291939595,118,44694222.81304742,3724518.5677539515
2021-07-01,F -Construcción,11760879.536759648,838,14034462.454367122,1169538.5378639267
2021-07-01,G - Comercio,34322457.289934605,1856,18492703.281214766,1541058.6067678973
2021-07-01,H - Hoteles y restaurantes,3891277.320461531,416,9354032.02034022,779502.6683616849
2021-07-01,"I -Transporte, almacenamiento y comunicaciones",23243362.657110315,837,27769847.857957367,2314153.988163114
2021-07-01,J -Intermediación financiera,14168040.193127485,264,53666818.91336168,4472234.909446807
2021-07-01,"K - Actividades inmobiliarias, empresariales y de alquiler",24788125.317244958,974,25449820.654255603,2120818.3878546334
2021-07-01,L -Administración pública y defensa; planes de seguridad social de afiliación obligatoria,53452299.46926137,1642,32553166.546444193,2712763.8788703494
2021-07-01,M -Enseñanza,37437838.324348405,2131,17568201.935405165,1464016.8279504303
2021-07-01,N -Servicios sociales y de salud,21250578.51970192,1141,18624521.051447783,1552043.4209539818
2021-07-01,"O -Otras actividades de servicios comunitarias, sociales y personales",12204278.539643023,864,14125322.383846091,1177110.198653841
2021-07-01,P -Hogares privados con servicio doméstico,4601477.631150846,1559,2951557.172001826,245963.09766681885
2021-07-01,TOTAL GENERAL,306833828.1470119,15252,20117612.65060398,1676467.720883665
2021-07-01,TOTAL SECTOR PUBLICO,94027844.39760426,3607,26068157.58181432,2172346.465151193
2021-07-01,TOTAL EXCLUIDO SECTOR PUBLICO,212805983.74940765,11644,18276020.589952566,1523001.7158293806
2021-10-01,"A - Agricultura, ganadería, caza y silvicultura",10138656.445259694,978,10366724.381656129,863893.6984713441
2021-10-01,B - Pesca,825088.6359251015,16,51568039.74531884,4297336.645443236
2021-10-01,C -Explotación de minas y canteras,7443966.323879973,104,71576599.26807666,5964716.605673055
2021-10-01,D - Industria manufacturera,43424346.85801674,1688,25725323.968019392,2143776.997334949
2021-10-01,"E - Electricidad, gas y agua",5526622.014223917,137,40340306.67316728,3361692.22276394
2021-10-01,F -Construcción,12588470.826710848,888,14176205.88593564,1181350.4904946366
2021-10-01,G - Comercio,35314391.66243977,1967,17953427.38304005,1496118.9485866707
2021-10-01,H - Hoteles y restaurantes,4742988.009715227,489,9699361.983057724,808280.1652548104
2021-10-01,"I -Transporte, almacenamiento y comunicaciones",23463125.368216645,863,27187862.53559287,2265655.211299406
2021-10-01,J -Intermediación financiera,15547942.410539795,273,56952170.00197727,4746014.166831439
2021-10-01,"K - Actividades inmobiliarias, empresariales y de alquiler",25934251.85190914,1009,25702925.522209253,2141910.4601841043
2021-10-01,L -Administración pública y defensa; planes de seguridad social de afiliación obligatoria,62870150.117802426,1647,38172525.87601848,3181043.82300154
2021-10-01,M -Enseñanza,41751826.245281965,2159,19338502.197907347,1611541.8498256123
2021-10-01,N -Servicios sociales y de salud,21990339.501401495,1074,20475176.44450791,1706264.7037089926
2021-10-01,"O -Otras actividades de servicios comunitarias, sociales y personales",12212804.076182287,862,14167986.167264834,1180665.5139387362
2021-10-01,P -Hogares privados con servicio doméstico,4491536.819118384,1531,2933727.5108545944,244477.2925712162
2021-10-01,TOTAL GENERAL,328266507.1666235,15685,20928690.287958145,1744057.5239965122
2021-10-01,TOTAL SECTOR PUBLICO,108339547.85298121,3622,29911526.18801248,2492627.1823343732
2021-10-01,TOTAL EXCLUIDO SECTOR PUBLICO,219926959.3136422,12063,18231531.07134562,1519294.2559454683
2022-01-01,"A - Agricultura, ganadería, caza y silvicultura",8945094.715201896,817,10948708.341740387,912392.3618116989
2022-01-01,B - Pesca,818580.6669172812,19,43083192.99564638,3590266.0829705317
2022-01-01,C -Explotación de minas y canteras,8807385.651139403,101,87201838.1300931,7266819.844174425
2022-01-01,D - Industria manufacturera,46242651.856777035,1740,26576236.699297145,2214686.3916080953
2022-01-01,"E - Electricidad, gas y agua",6244995.370958163,111,56261219.55818165,4688434.963181804
2022-01-01,F -Construcción,12551124.944847956,944,13295683.20428809,1107973.6003573409
2022-01-01,G - Comercio,39719225.22008171,2092,18986245.325086858,1582187.1104239048
2022-01-01,H - Hoteles y restaurantes,5101230.701324038,507,10061599.01641822,838466.5847015184
2022-01-01,"I -Transporte, almacenamiento y comunicaciones",25985335.656653896,882,29461831.810265187,2455152.6508554323
2022-01-01,J -Intermediación financiera,17300797.69573513,269,64315233.06964733,5359602.755803944
2022-01-01,"K - Actividades inmobiliarias, empresariales y de alquiler",27561617.84434895,1019,27047711.329096124,2253975.944091344
2022-01-01,L -Administración pública y defensa; planes de seguridad social de afiliación obligatoria,57168860.13678014,1678,34069642.51297982,2839136.8760816515
2022-01-01,M -Enseñanza,38928866.61912433,2086,18661968.657298334,1555164.054774861
2022-01-01,N -Servicios sociales y de salud,21620443.441995896,1126,19201104.300173976,1600092.025014498
2022-01-01,"O -Otras actividades de servicios comunitarias, sociales y personales",13154886.961821156,915,14376925.641334597,1198077.1367778832
2022-01-01,P -Hogares privados con servicio doméstico,4840872.821428029,1595,3035029.982086539,252919.16517387822
2022-01-01,TOTAL GENERAL,334991970.30513513,15900,21068677.377681453,1755723.1148067878
2022-01-01,TOTAL SECTOR PUBLICO,99375041.18253404,3657,27173924.304767303,2264493.692063942
2022-01-01,TOTAL EXCLUIDO SECTOR PUBLICO,235616929.1226009,12244,19243460.398774985,1603621.6998979154
2022-04-01,"A - Agricultura, ganadería, caza y silvicultura",9477380.982314046,842,11255796.89110932,937983.0742591099
2022-04-01,B - Pesca,963183.686128368,20,48159184.306418404,4013265.3588682003
2022-04-01,C -Explotación de minas y canteras,8320654.656787358,109,76336281.2549299,6361356.771244158
2022-04-01,D - Industria manufacturera,45634629.41324086,1715,26609113.360490296,2217426.1133741913
2022-04-01,"E - Electricidad, gas y agua",5441207.268960037,131,41535933.35083998,3461327.779236665
2022-04-01,F -Construcción,13401875.61087214,1052,12739425.485619906,1061618.7904683256
2022-04-01,G - Comercio,38899791.42958648,2198,17697812.297355086,1474817.691446257
2022-04-01,H - Hoteles y restaurantes,4673188.127878676,492,9498349.853411943,791529.1544509953
2022-04-01,"I -Transporte, almacenamiento y comunicaciones",25407107.85970687,922,27556516.116818734,2296376.3430682276
2022-04-01,J -Intermediación financiera,14939945.476212647,271,55128950.096725635,4594079.174727136
2022-04-01,"K - Actividades inmobiliarias, empresariales y de alquiler",26829260.740177218,1050,25551676.895406876,2129306.407950573
2022-04-01,L -Administración pública y defensa; planes de seguridad social de afiliación obligatoria,57544251.7396508,1664,34581882.05507861,2881823.504589884
2022-04-01,M -Enseñanza,40386837.148092054,2118,19068383.922611922,1589031.9935509935
2022-04-01,N -Servicios sociales y de salud,22591164.518159144,1181,19128843.7918367,1594070.3159863919
2022-04-01,"O -Otras actividades de servicios comunitarias, sociales y personales",12704977.696991272,941,13501570.34749338,1125130.862291115
2022-04-01,P -Hogares privados con servicio doméstico,4544486.05320471,1555,2922499.0695850225,243541.5891320852
2022-04-01,TOTAL GENERAL,331759942.4079627,16260,20403440.49249463,1700286.707707886
2022-04-01,TOTAL SECTOR PUBLICO,101219411.17809235,3643,27784631.122177422,2315385.9268481187
2022-04-01,TOTAL EXCLUIDO SECTOR PUBLICO,230540531.22987032,12617,18272214.57001429,1522684.5475011908
2022-07-01,"A - Agricultura, ganadería, caza y silvicultura",9978066.71506597,927,10763826.014094897,896985.5011745747
2022-07-01,B - Pesca,1232300.624227276,17,72488272.01336919,6040689.334447432
2022-07-01,C -Explotación de minas y canteras,8008143.139408261,104,77001376.34046404,6416781.361705337
2022-07-01,D - Industria manufacturera,43893360.63016814,1696,25880519.23948593,2156709.9366238276
2022-07-01,"E - Electricidad, gas y agua",5343421.345858021,118,45283231.7445595,3773602.645379958
2022-07-01,F -Construcción,13151053.30412476,974,13502108.115117824,1125175.6762598187
2022-07-01,G - Comercio,35941161.93589325,2035,17661504.63680258,1471792.0530668816
2022-07-01,H - Hoteles y restaurantes,5057143.565459827,533,9488074.231631946,790672.8526359955
2022-07-01,"I -Transporte, almacenamiento y comunicaciones",23075081.513494805,840,27470335.135112863,2289194.5945927384
2022-07-01,J -Intermediación financiera,13733309.719495783,259,53024361.85133507,4418696.82094459
2022-07-01,"K - Actividades inmobiliarias, empresariales y de alquiler",25774873.825465433,1028,25072834.46056949,2089402.8717141242
2022-07-01,L -Administración pública y defensa; planes de seguridad social de afiliación obligatoria,54416075.225623116,1671,32564976.19726099,2713748.0164384157
2022-07-01,M -Enseñanza,37869870.50460444,2202,17197943.00844888,1433161.91737074
2022-07-01,N -Servicios sociales y de salud,21694859.429817878,1211,17914830.24757876,1492902.5206315632
2022-07-01,"O -Otras actividades de servicios comunitarias, sociales y personales",12527310.034448307,962,13022151.802960819,1085179.3169134015
2022-07-01,P -Hogares privados con servicio doméstico,4821664.5388385225,1674,2880325.2920182333,240027.1076681861
2022-07-01,TOTAL GENERAL,316517696.0519938,16252,19475615.06596073,1622967.9221633943
2022-07-01,TOTAL SECTOR PUBLICO,95294292.28204672,3682,25881122.292788353,2156760.191065696
2022-07-01,TOTAL EXCLUIDO SECTOR PUBLICO,221223403.76994705,12570,17599316.131260704,1466609.6776050588
2022-10-01,"A - Agricultura, ganadería, caza y silvicultura",9961664.506945182,971,10259180.748656211,854931.7290546843
2022-10-01,B - Pesca,741846.1330767386,15,49456408.87178257,4121367.405981881
2022-10-01,C -Explotación de minas y canteras,8678704.453531077,108,80358374.56973219,6696531.214144349
2022-10-01,D - Industria manufacturera,45373052.30264732,1760,25780143.353776887,2148345.2794814073
2022-10-01,"E - Electricidad, gas y agua",5318035.854760404,142,37450956.72366481,3120913.060305401
2022-10-01,F -Construcción,14967311.928176967,1020,14673835.22370291,1222819.6019752424
2022-10-01,G - Comercio,36349700.29041471,2063,17619825.637622256,1468318.803135188
2022-10-01,H - Hoteles y restaurantes,5605614.519868494,540,10380767.6293861,865063.9691155084
2022-10-01,"I -Transporte, almacenamiento y comunicaciones",24279675.67114857,882,27527976.951415613,2293998.0792846344
2022-10-01,J -Intermediación financiera,15590747.75462093,266,58611833.663988456,4884319.471999038
2022-10-01,"K - Actividades inmobiliarias, empresariales y de alquiler",27037526.806433514,1066,25363533.589524873,2113627.7991270726
2022-10-01,L -Administración pública y defensa; planes de seguridad social de afiliación obligatoria,62926342.403978825,1669,37703021.212689534,3141918.4343907945
2022-10-01,M -Enseñanza,42581628.08755713,2208,19285157.64835015,1607096.4706958458
2022-10-01,N -Servicios sociales y de salud,21851009.114016287,1113,19632532.896690283,1636044.4080575237
2022-10-01,"O -Otras actividades de servicios comunitarias, sociales y personales",12343637.260645898,940,13131529.000687126,1094294.0833905938
2022-10-01,P -Hogares privados con servicio doméstico,4874628.750746231,1666,2925947.629499538,243828.9691249615
2022-10-01,TOTAL GENERAL,338481125.83856827,16428,20603915.62202144,1716992.9685017867
2022-10-01,TOTAL SECTOR PUBLICO,109046975.02731395,3682,29616234.390905473,2468019.532575456
2022-10-01,TOTAL EXCLUIDO SECTOR PUBLICO,229434150.8112543,12746,18000482.567962833,1500040.2139969028
2023-01-01,"A - Agricultura, ganadería, caza y silvicultura",9239852.36187789,842,10973696.391778968,914474.6993149141
2023-01-01,B - Pesca,805179.2332396146,18,44732179.624423034,3727681.635368586
2023-01-01,C -Explotación de minas y canteras,10149940.274053715,116,87499485.12115271,7291623.760096059
2023-01-01,D - Industria manufacturera,47444540.10798421,1778,26684218.28345569,2223684.8569546407
2023-01-01,"E - Electricidad, gas y agua",6481085.318887198,115,56357263.642497376,4696438.636874781
2023-01-01,F -Construcción,14409634.373565448,1016,14182710.997603789,1181892.583133649
2023-01-01,G - Comercio,39649833.25484226,2223,17836182.30087371,1486348.5250728093
2023-01-01,H - Hoteles y restaurantes,5851339.661833354,550,10638799.385151554,886566.6154292962
2023-01-01,"I -Transporte, almacenamiento y comunicaciones",26845209.609264016,919,29211327.104748655,2434277.2587290546
2023-01-01,J -Intermediación financiera,16672072.398574693,268,62209225.36781602,5184102.113984669
2023-01-01,"K - Actividades inmobiliarias, empresariales y de alquiler",27919145.14852724,1062,26289213.887502108,2190767.823958509
2023-01-01,L -Administración pública y defensa; planes de seguridad social de afiliación obligatoria,59972168.08456294,1709,35091964.94123051,2924330.4117692094
2023-01-01,M -Enseñanza,41330870.84593838,2125,19449821.574559234,1620818.464546603
2023-01-01,N -Servicios sociales y de salud,22166164.07651131,1147,19325339.212302797,1610444.9343585663
2023-01-01,"O -Otras actividades de servicios comunitarias, sociales y personales",13509764.596488481,1002,13482798.998491498,1123566.5832076247
2023-01-01,P -Hogares privados con servicio doméstico,5115468.824051674,1718,2977572.0745353173,248131.00621127643
2023-01-01,TOTAL GENERAL,347562268.1702024,16610,20924880.68453958,1743740.057044965
2023-01-01,TOTAL SECTOR PUBLICO,105171932.01547824,3737,28143412.366999794,2345284.3639166495
2023-01-01,TOTAL EXCLUIDO SECTOR PUBLICO,242390336.15472415,12873,18829358.825038776,1569113.235419898
2023-04-01,"A - Agricultura, ganadería, caza y silvicultura",9334268.067283686,829,11259671.975010477,938305.9979175398
2023-04-01,B - Pesca,904244.1810598603,17,53190834.17999178,4432569.514999315
2023-04-01,C -Explotación de minas y canteras,9091114.777288072,113,80452343.16184135,6704361.930153445
2023-04-01,D - Industria manufacturera,46370319.32884677,1724,26896936.965688378,2241411.4138073646
2023-04-01,"E - Electricidad, gas y agua",5471238.16798476,131,41765176.8548455,3480431.4045704585
2023-04-01,F -Construcción,15776247.474275338,1129,13973647.009987013,1164470.5841655845
2023-04-01,G - Comercio,40119167.51455054,2279,17603847.08843815,1466987.2573698459
2023-04-01,H - Hoteles y restaurantes,5705235.087492283,528,10805369.4838869,900447.456990575
2023-04-01,"I -Transporte, almacenamiento y comunicaciones",25957017.605680846,958,27095007.939124055,2257917.328260338
2023-04-01,J -Intermediación financiera,15891153.012449348,277,57368783.4384453,4780731.953203775
2023-04-01,"K - Actividades inmobiliarias, empresariales y de alquiler",27561607.31460245,1087,25355664.50285414,2112972.0419045114
2023-04-01,L -Administración pública y defensa; planes de seguridad social de afiliación obligatoria,62858880.40014174,1700,36975812.00008338,3081317.666673615
2023-04-01,M -Enseñanza,43882145.18377307,2176,20166427.014601596,1680535.584550133
2023-04-01,N -Servicios sociales y de salud,22459089.996672403,1121,20034870.64823586,1669572.554019655
2023-04-01,"O -Otras actividades de servicios comunitarias, sociales y personales",12981840.766422074,968,13410992.527295532,1117582.710607961
2023-04-01,P -Hogares privados con servicio doméstico,4670169.051653355,1534,3044438.755966985,253703.22966391544
2023-04-01,TOTAL GENERAL,349033737.9301766,16571,21062925.4679969,1755243.7889997417
2023-04-01,TOTAL SECTOR PUBLICO,110381055.12413858,3732,29576917.23583563,2464743.1029863027
2023-04-01,TOTAL EXCLUIDO SECTOR PUBLICO,238652682.806038,12839,18588105.211156476,1549008.767596373
2023-07-01,"A - Agricultura, ganadería, caza y silvicultura",10098824.620222146,939,10754871.800023586,896239.3166686321
2023-07-01,B - Pesca,1287708.4269230536,19,67774127.73279229,5647843.977732691
2023-07-01,C -Explotación de minas y canteras,9066099.01279751,113,80230964.7150222,6685913.726251851
2023-07-01,D - Industria manufacturera,46401056.397246726,1768,26244941.40115765,2187078.450096471
2023-07-01,"E - Electricidad, gas y agua",5425473.83411322,122,44471097.00092803,3705924.7500773356
2023-07-01,F -Construcción,14920712.220271427,1029,14500206.239330834,1208350.5199442361
2023-07-01,G - Comercio,38966444.66640069,2191,17784776.205568552,1482064.6837973793
2023-07-01,H - Hoteles y restaurantes,5992999.40593287,620,9666128.074085275,805510.6728404396
2023-07-01,"I -Transporte, almacenamiento y comunicaciones",24792892.804738734,865,28662303.820507206,2388525.3183756005
2023-07-01,J -Intermediación financiera,14669117.870735025,259,56637520.73642867,4719793.394702389
2023-07-01,"K - Actividades inmobiliarias, empresariales y de alquiler",26990355.62350219,1065,25343056.923476238,2111921.4102896866
2023-07-01,L -Administración pública y defensa; planes de seguridad social de afiliación obligatoria,61739094.933358654,1715,35999472.26434907,2999956.0220290893
2023-07-01,M -Enseñanza,43085153.0943768,2270,18980243.653910488,1581686.9711592074
2023-07-01,N -Servicios sociales y de salud,22934655.316051044,1176,19502257.92181211,1625188.1601510092
2023-07-01,"O -Otras actividades de servicios comunitarias, sociales y personales",13013873.465110337,942,13815152.298418617,1151262.6915348847
2023-07-01,P -Hogares privados con servicio doméstico,5006896.871756892,1633,3066072.793482481,255506.06612354008
2023-07-01,TOTAL GENERAL,344391358.5635373,16723,20593874.21895218,1716156.1849126816
2023-07-01,TOTAL SECTOR PUBLICO,108230269.57494639,3778,28647503.857847113,2387291.988153926
2023-07-01,TOTAL EXCLUIDO SECTOR PUBLICO,236161088.98859093,12946,18242012.126416728,1520167.677201394
2023-10-01,"A - Agricultura, ganadería, caza y silvicultura",9291981.729054594,991,9376369.050509177,781364.0875424314
2023-10-01,B - Pesca,720838.3693985082,16,45052398.08740676,3754366.5072838967
2023-10-01,C -Explotación de minas y canteras,8754685.292644108,116,75471424.93658714,6289285.411382262
2023-10-01,D - Industria manufacturera,43154182.54115044,1795,24041327.320975177,2003443.943414598
2023-10-01,"E - Electricidad, gas y agua",5190155.35156146,141,36809612.4224217,3067467.701868475
2023-10-01,F -Construcción,13683879.282480266,988,13850080.24542537,1154173.3537854475
2023-10-01,G - Comercio,37441758.91084755,2178,17190890.225366186,1432574.1854471823
2023-10-01,H - Hoteles y restaurantes,5963505.407262435,618,9649685.125020122,804140.4270850102
2023-10-01,"I -Transporte, almacenamiento y comunicaciones",23567530.78397529,957,24626468.94877251,2052205.7457310425
2023-10-01,J -Intermediación financiera,15604216.285404023,267,58442757.623236045,4870229.801936337
2023-10-01,"K - Actividades inmobiliarias, empresariales y de alquiler",27075671.93982906,1101,24591890.953523215,2049324.2461269347
2023-10-01,L -Administración pública y defensa; planes de seguridad social de afiliación obligatoria,62227662.09253941,1717,36242086.25075097,3020173.854229247
2023-10-01,M -Enseñanza,40369044.780035675,2270,17783720.167416595,1481976.6806180496
2023-10-01,N -Servicios sociales y de salud,21102010.22432791,1213,17396545.93926456,1449712.1616053798
2023-10-01,"O -Otras actividades de servicios comunitarias, sociales y personales",11522200.114584567,969,11890815.391728139,990901.2826440115
2023-10-01,P -Hogares privados con servicio doméstico,4545555.526345925,1684,2699261.0013930677,224938.41678275564
2023-10-01,TOTAL GENERAL,330214878.63144124,17018,19403859.36252446,1616988.2802103718
2023-10-01,TOTAL SECTOR PUBLICO,106070817.2607956,3783,28038809.74380005,2336567.478650004
2023-10-01,TOTAL EXCLUIDO SECTOR PUBLICO,224144061.37064564,13235,16935705.430347234,1411308.7858622696
2024-01-01,"A - Agricultura, ganadería, caza y silvicultura",8345583.751274502,857,9738137.399386818,811511.4499489014
2024-01-01,B - Pesca,732013.9237545,18,40667440.20858333,3388953.3507152777
2024-01-01,C -Explotación de minas y canteras,9909466.540840793,114,86925145.09509468,7243762.09125789
2024-01-01,D - Industria manufacturera,42168871.504535645,1771,23810768.777264625,1984230.7314387187
2024-01-01,"E - Electricidad, gas y agua",5485475.264965893,110,49867956.95423539,4155663.079519616
2024-01-01,F -Construcción,10686653.473825742,946,11296673.862395076,941389.488532923
2024-01-01,G - Comercio,37305675.95479258,2263,16485053.448869897,1373754.4540724915
2024-01-01,H - Hoteles y restaurantes,4942985.705268583,587,8420759.293472884,701729.9411227404
2024-01-01,"I -Transporte, almacenamiento y comunicaciones",22022416.81825318,920,23937409.585057802,1994784.1320881501
2024-01-01,J -Intermediación financiera,16900695.82243613,274,61681371.6147304,5140114.301227533
2024-01-01,"K - Actividades inmobiliarias, empresariales y de alquiler",25309628.149186876,1067,23720363.776182637,1976696.981348553
2024-01-01,L -Administración pública y defensa; planes de seguridad social de afiliación obligatoria,46391243.39837031,1722,26940327.176753957,2245027.2647294966
2024-01-01,M -Enseñanza,32578789.955255143,2178,14958122.109850846,1246510.1758209039
2024-01-01,N -Servicios sociales y de salud,18157618.5726695,1238,14666897.070007674,1222241.4225006395
2024-01-01,"O -Otras actividades de servicios comunitarias, sociales y personales",10130645.83017014,879,11525194.346041115,960432.8621700929
2024-01-01,P -Hogares privados con servicio doméstico,3808110.8724853825,1666,2285780.8358255597,190481.73631879664
2024-01-01,TOTAL GENERAL,294875875.53808486,16609,17753981.30760942,1479498.442300785
2024-01-01,TOTAL SECTOR PUBLICO,81760910.08205093,3789,21578493.027725242,1798207.752310437
2024-01-01,TOTAL EXCLUIDO SECTOR PUBLICO,213114965.456034,12820,16623632.250860687,1385302.687571724
2024-04-01,"A - Agricultura, ganadería, caza y silvicultura",9665295.047375552,841,11492621.935048219,957718.4945873516
2024-04-01,B - Pesca,1026884.8568294161,17,60404991.57820095,5033749.298183412
2024-04-01,C -Explotación de minas y canteras,9606489.220787399,116,82814562.24816723,6901213.520680603
2024-04-01,D - Industria manufacturera,44065486.186715886,1682,26198267.649652723,2183188.9708043938
2024-04-01,"E - Electricidad, gas y agua",5053606.366918639,129,39175243.15440806,3264603.5962006715
2024-04-01,F -Construcción,11161557.900883896,938,11899315.459364494,991609.6216137079
2024-04-01,G - Comercio,37910760.73351485,2361,16057077.820209594,1338089.8183507996
2024-04-01,H - Hoteles y restaurantes,5192473.784981933,559,9288861.869377341,774071.8224481117
2024-04-01,"I -Transporte, almacenamiento y comunicaciones",23447511.616466656,957,24501057.07049807,2041754.7558748394
2024-04-01,J -Intermediación financiera,15136362.739758521,279,54252196.199851334,4521016.349987611
2024-04-01,"K - Actividades inmobiliarias, empresariales y de alquiler",25678657.203908492,1072,23953971.2723027,1996164.2726918915
2024-04-01,L -Administración pública y defensa; planes de seguridad social de afiliación obligatoria,50132861.81862496,1691,29646872.749039005,2470572.729086584
2024-04-01,M -Enseñanza,35547215.16120028,2200,16157825.073272856,1346485.422772738
2024-04-01,N -Servicios sociales y de salud,19319115.54535382,1196,16153106.643272424,1346092.220272702
2024-04-01,"O -Otras actividades de servicios comunitarias, sociales y personales",11375312.730273513,976,11655033.535116306,971252.7945930255
2024-04-01,P -Hogares privados con servicio doméstico,3786068.673665183,1594,2375199.920743528,197933.32672862732
2024-04-01,TOTAL GENERAL,308105659.587259,16610,18549407.560942747,1545783.9634118956
2024-04-01,TOTAL SECTOR PUBLICO,87868293.10556555,3742,23481638.991332322,1956803.2492776935
2024-04-01,TOTAL EXCLUIDO SECTOR PUBLICO,220237366.48169342,12867,17116450.33665139,1426370.8613876158
2024-07-01,"A - Agricultura, ganadería, caza y silvicultura",10023824.014240582,959,10452371.234870262,871030.9362391885
2024-07-01,B - Pesca,1254166.8398960088,19,66008781.04715836,5500731.753929864
2024-07-01,C -Explotación de minas y canteras,9299315.553078117,110,84539232.30071016,7044936.025059179
2024-07-01,D - Industria manufacturera,43702911.95161339,1658,26358812.998560548,2196567.7498800457
2024-07-01,"E - Electricidad, gas y agua",5032366.576132371,118,42647174.37400314,3553931.1978335953
2024-07-01,F -Construcción,12085216.551016953,955,12654677.016771678,1054556.4180643065
2024-07-01,G - Comercio,36726270.4785175,2172,16908964.308709715,1409080.3590591429
2024-07-01,H - Hoteles y restaurantes,5667770.586590737,611,9276220.272652598,773018.3560543832
2024-07-01,"I -Transporte, almacenamiento y comunicaciones",22838879.819398012,860,26556836.999300014,2213069.749941668
2024-07-01,J -Intermediación financiera,14416640.136627017,269,53593457.75697775,4466121.479748146
2024-07-01,"K - Actividades inmobiliarias, empresariales y de alquiler",25952586.3689127,1044,24858799.203939367,2071566.6003282806
2024-07-01,L -Administración pública y defensa; planes de seguridad social de afiliación obligatoria,48414216.569917284,1697,28529296.74125945,2377441.395104954
2024-07-01,M -Enseñanza,35508108.191353224,2292,15492193.800764933,1291016.1500637445
2024-07-01,N -Servicios sociales y de salud,20570675.133651935,1259,16338900.026729098,1361575.0022274249
2024-07-01,"O -Otras actividades de servicios comunitarias, sociales y personales",12183193.63966987,923,13199559.73962066,1099963.3116350549
2024-07-01,P -Hogares privados con servicio doméstico,4074003.2758035846,1630,2499388.5127629354,208282.37606357795
2024-07-01,TOTAL GENERAL,307750145.68641925,16575,18567127.944882005,1547260.6620735005
2024-07-01,TOTAL SECTOR PUBLICO,86121249.56175505,3770,22843832.77500134,1903652.7312501117
2024-07-01,TOTAL EXCLUIDO SECTOR PUBLICO,221628896.12466422,12805,17307996.57357784,1442333.0477981532
2024-10-01,"A - Agricultura, ganadería, caza y silvicultura",9938052.07269386,1017,9771929.275018545,814327.4395848787
2024-10-01,B - Pesca,804243.1511623524,17,47308420.65660897,3942368.3880507476
2024-10-01,C -Explotación de minas y canteras,9745952.694010898,112,87017434.76795445,7251452.897329538
2024-10-01,D - Industria manufacturera,45756302.41819296,1672,27366209.580258947,2280517.465021579
2024-10-01,"E - Electricidad, gas y agua",5007827.580600624,130,38521750.6200048,3210145.8850004002
2024-10-01,F -Construcción,13152403.076989649,923,14249624.135416737,1187468.6779513948
2024-10-01,G - Comercio,39213087.97544085,2191,17897347.318777204,1491445.6098981004
2024-10-01,H - Hoteles y restaurantes,7224166.614228607,676,10686637.003296757,890553.083608063
2024-10-01,"I -Transporte, almacenamiento y comunicaciones",23499785.965441424,912,25767309.17263314,2147275.764386095
2024-10-01,J -Intermediación financiera,16382640.236194752,279,58719140.63152241,4893261.719293534
2024-10-01,"K - Actividades inmobiliarias, empresariales y de alquiler",28722164.06476193,1080,26594596.356261045,2216216.3630217537
2024-10-01,L -Administración pública y defensa; planes de seguridad social de afiliación obligatoria,54038614.62685779,1687,32032373.81556478,2669364.4846303985
2024-10-01,M -Enseñanza,38451394.13135597,2275,16901711.706090536,1408475.9755075446
2024-10-01,N -Servicios sociales y de salud,20569806.056379806,1217,16902059.20820033,1408504.9340166943
2024-10-01,"O -Otras actividades de servicios comunitarias, sociales y personales",12466688.508893246,1008,12367746.536600443,1030645.5447167036
2024-10-01,P -Hogares privados con servicio doméstico,4305466.898581237,1703,2528166.117781114,210680.5098150928
2024-10-01,TOTAL GENERAL,329278596.0717859,16897,19487399.897720657,1623949.9914767214
2024-10-01,TOTAL SECTOR PUBLICO,94617400.31556629,3762,25150824.113653984,2095902.0094711652
2024-10-01,TOTAL EXCLUIDO SECTOR PUBLICO,234661195.75621963,13136,17863976.534425978,1488664.7112021649
2025-01-01,"A - Agricultura, ganadería, caza y silvicultura",9698141.268678982,873.6405467856268,11100836.95675666,925069.7463963884
2025-01-01,B - Pesca,945631.3743080975,21.14431634068107,44722721.65587731,3726893.4713231088
2025-01-01,C -Explotación de minas y canteras,12347144.156038763,111.92073786590264,110320432.04390272,9193369.336991893
2025-01-01,D - Industria manufacturera,48067990.208160385,1690.7102271341832,28430649.69781215,2369220.8081510128
2025-01-01,"E - Electricidad, gas y agua",6228012.471572668,109.4615870065709,56896785.82130191,4741398.818441826
2025-01-01,F -Construcción,13252700.913969295,948.8430615938429,13967221.18798839,1163935.0989990325
2025-01-01,G - Comercio,43003535.64621857,2254.424134790282,19075175.333065253,1589597.9444221044
2025-01-01,H - Hoteles y restaurantes,7137455.3117785305,643.9260554833438,11084277.846811173,923689.8205675978
2025-01-01,"I -Transporte, almacenamiento y comunicaciones",26178510.70071238,957.5061375030567,27340305.9002625,2278358.825021875
2025-01-01,J -Intermediación financiera,18414784.3746391,273.4377129986682,67345444.68168804,5612120.39014067
2025-01-01,"K - Actividades inmobiliarias, empresariales y de alquiler",29225134.265157074,1054.4993011610843,27714702.354926143,2309558.5295771784
2025-01-01,L -Administración pública y defensa; planes de seguridad social de afiliación obligatoria,48747788.22659643,1709.5096743653826,28515655.077935115,2376304.5898279264
2025-01-01,M -Enseñanza,35941053.76961671,2194.805128232191,16375510.202386618,1364625.8501988847
2025-01-01,N -Servicios sociales y de salud,21322784.07448052,1194.4046330338151,17852228.202029124,1487685.683502427
2025-01-01,"O -Otras actividades de servicios comunitarias, sociales y personales",12990014.03516535,920.3164458534465,14114725.531302648,1176227.127608554
2025-01-01,P -Hogares privados con servicio doméstico,4291480.592771421,1624.1878459007107,2642231.687426238,220185.9739521865
2025-01-01,TOTAL GENERAL,337792161.3898643,16582.73754604879,20370108.40048849,1697509.0333740406
2025-01-01,TOTAL SECTOR PUBLICO,87625853.18198945,3786.0841773080656,23144190.42956728,1928682.5357972735
2025-01-01,TOTAL EXCLUIDO SECTOR PUBLICO,250166308.2078749,12796.653368740721,19549354.11620773,1629112.8430173108
2025-04-01,"A - Agricultura, ganadería, caza y silvicultura",10677958.32428091,864.8230687181501,12346986.002706764,1028915.5002255637
2025-04-01,B - Pesca,749373.4426688695,18.517255839450435,40468925.26442027,3372410.4387016892
2025-04-01,C -Explotación de minas y canteras,10242159.995100632,111.21643865317851,92092141.40582371,7674345.117151976
2025-04-01,D - Industria manufacturera,49414942.06839696,1650.6905517927773,29935921.069353987,2494660.089112832
2025-04-01,"E - Electricidad, gas y agua",5370966.8244988965,136.1867192107774,39438256.943294175,3286521.4119411814
2025-04-01,F -Construcción,13700999.719732938,989.0971003120588,13852026.980374618,1154335.5816978847
2025-04-01,G - Comercio,43617298.25629956,2380.9491804745585,18319289.892447848,1526607.4910373206
2025-04-01,H - Hoteles y restaurantes,6653215.0529723335,604.3173391137357,11009472.37874994,917456.031562495
2025-04-01,"I -Transporte, almacenamiento y comunicaciones",25553691.15686068,937.5675647888273,27255306.30170238,2271275.525141865
2025-04-01,J -Intermediación financiera,16355385.478049822,285.1548611850071,57356151.70676864,4779679.308897386
2025-04-01,"K - Actividades inmobiliarias, empresariales y de alquiler",29560994.98693304,1103.7214596580986,26783020.959010977,2231918.413250915
2025-04-01,L -Administración pública y defensa; planes de seguridad social de afiliación obligatoria,52783543.62190939,1684.8945479895149,31327505.739093807,2610625.478257817
2025-04-01,M -Enseñanza,40265780.08062456,2246.85167972331,17920978.2488104,1493414.8540675333
2025-04-01,N -Servicios sociales y de salud,22789037.99495674,1136.917090502494,20044590.925169796,1670382.577097483
2025-04-01,"O -Otras actividades de servicios comunitarias, sociales y personales",12545187.51240218,962.7119079425474,13031092.073238228,1085924.339436519
2025-04-01,P -Hogares privados con servicio doméstico,4053192.145885895,1574.6508730143169,2574025.9097097283,214502.15914247735
2025-04-01,TOTAL GENERAL,344333726.6615734,16688.267638918802,20633281.66301401,1719440.1385845009
2025-04-01,TOTAL SECTOR PUBLICO,94829023.85089625,3750.4981496896735,25284380.918503497,2107031.743208625
2025-04-01,TOTAL EXCLUIDO SECTOR PUBLICO,249504702.81067714,12937.76948922913,19284985.948960774,1607082.1624133978
