fecha_trimestre,provincia,puestos_privado
2016-01-01,Buenos Aires,1957.1303333333333
2016-01-01,Catamarca,30.613666666666667
2016-01-01,Chaco,74.126
2016-01-01,Chubut,99.30433333333333
2016-01-01,Ciudad de Buenos Aires,1539.7506666666666
2016-01-01,Cordoba,503.30966666666666
2016-01-01,Corrientes,76.524
2016-01-01,Entre Rios,135.46466666666666
2016-01-01,Formosa,27.349666666666668
2016-01-01,Jujuy,57.13466666666667
2016-01-01,La Pampa,37.95733333333333
2016-01-01,La Rioja,30.615
2016-01-01,Mendoza,241.59066666666666
2016-01-01,Misiones,104.06866666666667
2016-01-01,Neuquen,112.33666666666666
2016-01-01,Rio Negro,106.43333333333334
2016-01-01,Salta,115.536
2016-01-01,San Juan,80.13666666666667
2016-01-01,San Luis,58.90533333333333
2016-01-01,Santa Cruz,61.18966666666667
2016-01-01,Santa Fe,501.3376666666667
2016-01-01,Santiago del Estero,50.89233333333333
2016-01-01,Tierra del Fuego,39.53266666666667
2016-01-01,Total Pais,6204.691
2016-01-01,Tucuman,163.10966666666667
2016-04-01,Buenos Aires,1948.8890000000001
2016-04-01,Catamarca,29.884333333333334
2016-04-01,Chaco,74.32033333333334
2016-04-01,Chubut,97.96933333333332
2016-04-01,Ciudad de Buenos Aires,1535.83
2016-04-01,Cordoba,503.38300000000004
2016-04-01,Corrientes,75.95
2016-04-01,Entre Rios,134.778
2016-04-01,Formosa,27.006
2016-04-01,Jujuy,56.784333333333336
2016-04-01,La Pampa,38.08266666666667
2016-04-01,La Rioja,30.271
2016-04-01,Mendoza,240.16433333333333
2016-04-01,Misiones,103.46766666666667
2016-04-01,Neuquen,112.40266666666668
2016-04-01,Rio Negro,107.14866666666667
2016-04-01,Salta,115.577
2016-04-01,San Juan,79.99933333333334
2016-04-01,San Luis,58.00666666666667
2016-04-01,Santa Cruz,59.340333333333334
2016-04-01,Santa Fe,499.71733333333333
2016-04-01,Santiago del Estero,50.104
2016-04-01,Tierra del Fuego,38.32533333333333
2016-04-01,Total Pais,6179.940666666666
2016-04-01,Tucuman,162.69266666666667
2016-07-01,Buenos Aires,1944.6446666666666
2016-07-01,Catamarca,30.13566666666667
2016-07-01,Chaco,74.58533333333334
2016-07-01,Chubut,97.36233333333332
2016-07-01,Ciudad de Buenos Aires,1531.297
2016-07-01,Cordoba,501.7266666666667
2016-07-01,Corrientes,75.77566666666667
2016-07-01,Entre Rios,135.75066666666666
2016-07-01,Formosa,26.567666666666668
2016-07-01,Jujuy,56.98133333333333
2016-07-01,La Pampa,38.001666666666665
2016-07-01,La Rioja,30.217
2016-07-01,Mendoza,242.44033333333334
2016-07-01,Misiones,102.95966666666666
2016-07-01,Neuquen,112.15633333333334
2016-07-01,Rio Negro,106.64933333333333
2016-07-01,Salta,115.732
2016-07-01,San Juan,80.06
2016-07-01,San Luis,56.58733333333333
2016-07-01,Santa Cruz,58.80566666666667
2016-07-01,Santa Fe,499.8953333333333
2016-07-01,Santiago del Estero,49.94766666666667
2016-07-01,Tierra del Fuego,37.518
2016-07-01,Total Pais,6170.662666666667
2016-07-01,Tucuman,164.17633333333333
2016-10-01,Buenos Aires,1947.416
2016-10-01,Catamarca,30.240333333333332
2016-10-01,Chaco,75.57866666666666
2016-10-01,Chubut,97.25666666666666
2016-10-01,Ciudad de Buenos Aires,1534.5256666666667
2016-10-01,Cordoba,502.3883333333333
2016-10-01,Corrientes,76.26166666666667
2016-10-01,Entre Rios,137.26833333333335
2016-10-01,Formosa,26.505333333333333
2016-10-01,Jujuy,57.839
2016-10-01,La Pampa,38.08
2016-10-01,La Rioja,30.604666666666667
2016-10-01,Mendoza,243.44033333333334
2016-10-01,Misiones,103.70833333333333
2016-10-01,Neuquen,111.01533333333333
2016-10-01,Rio Negro,106.19966666666666
2016-10-01,Salta,116.22666666666667
2016-10-01,San Juan,79.845
2016-10-01,San Luis,56.74433333333334
2016-10-01,Santa Cruz,58.047666666666665
2016-10-01,Santa Fe,501.329
2016-10-01,Santiago del Estero,49.96666666666667
2016-10-01,Tierra del Fuego,36.55566666666667
2016-10-01,Total Pais,6183.867333333333
2016-10-01,Tucuman,166.04366666666667
2017-01-01,Buenos Aires,1951.4716666666666
2017-01-01,Catamarca,31.340333333333334
2017-01-01,Chaco,76.85233333333333
2017-01-01,Chubut,97.248
2017-01-01,Ciudad de Buenos Aires,1536.5026666666668
2017-01-01,Cordoba,504.2273333333333
2017-01-01,Corrientes,76.524
2017-01-01,Entre Rios,136.22400000000002
2017-01-01,Formosa,26.28
2017-01-01,Jujuy,59.62633333333333
2017-01-01,La Pampa,37.87533333333333
2017-01-01,La Rioja,32.661
2017-01-01,Mendoza,243.45733333333334
2017-01-01,Misiones,103.61466666666666
2017-01-01,Neuquen,109.316
2017-01-01,Rio Negro,104.72633333333333
2017-01-01,Salta,117.035
2017-01-01,San Juan,79.684
2017-01-01,San Luis,56.534
2017-01-01,Santa Cruz,58.22033333333333
2017-01-01,Santa Fe,504.08366666666666
2017-01-01,Santiago del Estero,50.41733333333333
2017-01-01,Tierra del Fuego,36.48833333333333
2017-01-01,Total Pais,6194.662333333334
2017-01-01,Tucuman,165.29266666666666
2017-04-01,Buenos Aires,1956.9186666666667
2017-04-01,Catamarca,32.926
2017-04-01,Chaco,76.75266666666667
2017-04-01,Chubut,97.66633333333334
2017-04-01,Ciudad de Buenos Aires,1542.7573333333335
2017-04-01,Cordoba,506.1093333333333
2017-04-01,Corrientes,76.78733333333334
2017-04-01,Entre Rios,136.32266666666666
2017-04-01,Formosa,26.227
2017-04-01,Jujuy,58.35933333333333
2017-04-01,La Pampa,37.541666666666664
2017-04-01,La Rioja,32.373666666666665
2017-04-01,Mendoza,242.97033333333334
2017-04-01,Misiones,104.73666666666666
2017-04-01,Neuquen,108.82166666666667
2017-04-01,Rio Negro,104.849
2017-04-01,Salta,115.92633333333333
2017-04-01,San Juan,79.65666666666667
2017-04-01,San Luis,56.038333333333334
2017-04-01,Santa Cruz,58.001
2017-04-01,Santa Fe,505.22366666666665
2017-04-01,Santiago del Estero,51.650333333333336
2017-04-01,Tierra del Fuego,36.389
2017-04-01,Total Pais,6212.941
2017-04-01,Tucuman,166.608
2017-07-01,Buenos Aires,1962.051
2017-07-01,Catamarca,32.192
2017-07-01,Chaco,77.78033333333333
2017-07-01,Chubut,97.40333333333334
2017-07-01,Ciudad de Buenos Aires,1548.2216666666666
2017-07-01,Cordoba,511.26533333333333
2017-07-01,Corrientes,77.44
2017-07-01,Entre Rios,136.69533333333334
2017-07-01,Formosa,26.584333333333333
2017-07-01,Jujuy,58.76533333333333
2017-07-01,La Pampa,37.66733333333333
2017-07-01,La Rioja,31.243333333333332
2017-07-01,Mendoza,244.65833333333333
2017-07-01,Misiones,104.33666666666667
2017-07-01,Neuquen,110.541
2017-07-01,Rio Negro,104.86633333333333
2017-07-01,Salta,116.99799999999999
2017-07-01,San Juan,80.90033333333334
2017-07-01,San Luis,56.244
2017-07-01,Santa Cruz,57.87
2017-07-01,Santa Fe,506.935
2017-07-01,Santiago del Estero,52.98466666666667
2017-07-01,Tierra del Fuego,36.72966666666667
2017-07-01,Total Pais,6238.796999999999
2017-07-01,Tucuman,167.54266666666666
2017-10-01,Buenos Aires,1968.4143333333334
2017-10-01,Catamarca,31.524666666666665
2017-10-01,Chaco,78.22033333333333
2017-10-01,Chubut,97.09333333333333
2017-10-01,Ciudad de Buenos Aires,1554.0973333333334
2017-10-01,Cordoba,517.5223333333333
2017-10-01,Corrientes,77.71266666666666
2017-10-01,Entre Rios,136.24866666666668
2017-10-01,Formosa,26.398333333333333
2017-10-01,Jujuy,59.794666666666664
2017-10-01,La Pampa,37.61566666666667
2017-10-01,La Rioja,31.196666666666665
2017-10-01,Mendoza,244.98233333333334
2017-10-01,Misiones,104.056
2017-10-01,Neuquen,112.44333333333334
2017-10-01,Rio Negro,105.04166666666667
2017-10-01,Salta,117.50066666666666
2017-10-01,San Juan,82.04233333333333
2017-10-01,San Luis,55.94533333333333
2017-10-01,Santa Cruz,57.256
2017-10-01,Santa Fe,511.0613333333333
2017-10-01,Santiago del Estero,54.05566666666667
2017-10-01,Tierra del Fuego,37.27033333333333
2017-10-01,Total Pais,6269.122666666666
2017-10-01,Tucuman,170.89000000000001
2018-01-01,Buenos Aires,1966.6986666666667
2018-01-01,Catamarca,31.096666666666668
2018-01-01,Chaco,77.959
2018-01-01,Chubut,95.88033333333334
2018-01-01,Ciudad de Buenos Aires,1555.2546666666667
2018-01-01,Cordoba,520.1686666666667
2018-01-01,Corrientes,78.841
2018-01-01,Entre Rios,136.65466666666666
2018-01-01,Formosa,26.47
2018-01-01,Jujuy,60.54
2018-01-01,La Pampa,37.916
2018-01-01,La Rioja,29.789
2018-01-01,Mendoza,246.79866666666666
2018-01-01,Misiones,105.426
2018-01-01,Neuquen,114.31166666666667
2018-01-01,Rio Negro,103.873
2018-01-01,Salta,116.92
2018-01-01,San Juan,82.098
2018-01-01,San Luis,55.653
2018-01-01,Santa Cruz,56.346000000000004
2018-01-01,Santa Fe,510.52
2018-01-01,Santiago del Estero,54.431
2018-01-01,Tierra del Fuego,38.00933333333333
2018-01-01,Total Pais,6274.949666666666
2018-01-01,Tucuman,172.564
2018-04-01,Buenos Aires,1963.06
2018-04-01,Catamarca,30.569000000000003
2018-04-01,Chaco,77.514
2018-04-01,Chubut,95.704
2018-04-01,Ciudad de Buenos Aires,1554.6366666666668
2018-04-01,Cordoba,519.4936666666667
2018-04-01,Corrientes,79.20133333333334
2018-04-01,Entre Rios,136.34933333333333
2018-04-01,Formosa,26.181
2018-04-01,Jujuy,61.152
2018-04-01,La Pampa,38.166
2018-04-01,La Rioja,29.344
2018-04-01,Mendoza,247.39166666666668
2018-04-01,Misiones,106.09733333333334
2018-04-01,Neuquen,115.904
2018-04-01,Rio Negro,104.389
2018-04-01,Salta,116.58933333333334
2018-04-01,San Juan,82.03933333333333
2018-04-01,San Luis,55.175666666666665
2018-04-01,Santa Cruz,56.06033333333333
2018-04-01,Santa Fe,510.0693333333333
2018-04-01,Santiago del Estero,54.45333333333333
2018-04-01,Tierra del Fuego,37.799
2018-04-01,Total Pais,6270.49
2018-04-01,Tucuman,172.28666666666666
2018-07-01,Buenos Aires,1948.634
2018-07-01,Catamarca,30.085
2018-07-01,Chaco,75.37
2018-07-01,Chubut,95.73033333333333
2018-07-01,Ciudad de Buenos Aires,1545.3996666666667
2018-07-01,Cordoba,515.1023333333334
2018-07-01,Corrientes,78.11266666666667
2018-07-01,Entre Rios,134.753
2018-07-01,Formosa,25.502333333333333
2018-07-01,Jujuy,60.886
2018-07-01,La Pampa,37.86233333333333
2018-07-01,La Rioja,29.890666666666664
2018-07-01,Mendoza,246.93033333333332
2018-07-01,Misiones,104.26633333333334
2018-07-01,Neuquen,116.474
2018-07-01,Rio Negro,103.832
2018-07-01,Salta,116.12933333333334
2018-07-01,San Juan,81.58966666666667
2018-07-01,San Luis,53.832
2018-07-01,Santa Cruz,55.846333333333334
2018-07-01,Santa Fe,508.79966666666667
2018-07-01,Santiago del Estero,53.86366666666667
2018-07-01,Tierra del Fuego,36.577999999999996
2018-07-01,Total Pais,6229.655666666667
2018-07-01,Tucuman,173.29633333333334
2018-10-01,Buenos Aires,1925.8353333333334
2018-10-01,Catamarca,29.110333333333333
2018-10-01,Chaco,73.734
2018-10-01,Chubut,94.757
2018-10-01,Ciudad de Buenos Aires,1532.973
2018-10-01,Cordoba,508.54966666666667
2018-10-01,Corrientes,77.762
2018-10-01,Entre Rios,135.64433333333332
2018-10-01,Formosa,24.768333333333334
2018-10-01,Jujuy,62.01466666666667
2018-10-01,La Pampa,37.24366666666667
2018-10-01,La Rioja,29.784
2018-10-01,Mendoza,245.496
2018-10-01,Misiones,102.50066666666666
2018-10-01,Neuquen,117.932
2018-10-01,Rio Negro,102.96466666666667
2018-10-01,Salta,117.08466666666666
2018-10-01,San Juan,80.88466666666666
2018-10-01,San Luis,52.86266666666667
2018-10-01,Santa Cruz,55.974000000000004
2018-10-01,Santa Fe,503.864
2018-10-01,Santiago del Estero,52.80766666666667
2018-10-01,Tierra del Fuego,35.296
2018-10-01,Total Pais,6172.282333333333
2018-10-01,Tucuman,171.514
2019-01-01,Buenos Aires,1918.4553333333333
2019-01-01,Catamarca,28.998333333333335
2019-01-01,Chaco,73.193
2019-01-01,Chubut,94.889
2019-01-01,Ciudad de Buenos Aires,1524.425
2019-01-01,Cordoba,504.68333333333334
2019-01-01,Corrientes,76.63833333333334
2019-01-01,Entre Rios,133.551
2019-01-01,Formosa,24.638
2019-01-01,Jujuy,60.591
2019-01-01,La Pampa,36.87266666666667
2019-01-01,La Rioja,29.506
2019-01-01,Mendoza,244.72899999999998
2019-01-01,Misiones,103.35333333333334
2019-01-01,Neuquen,119.67
2019-01-01,Rio Negro,102.996
2019-01-01,Salta,116.18033333333334
2019-01-01,San Juan,80.34966666666666
2019-01-01,San Luis,52.81066666666666
2019-01-01,Santa Cruz,56.977666666666664
2019-01-01,Santa Fe,501.33866666666665
2019-01-01,Santiago del Estero,52.11
2019-01-01,Tierra del Fuego,34.690666666666665
2019-01-01,Total Pais,6143.322
2019-01-01,Tucuman,169.84266666666667
2019-04-01,Buenos Aires,1906.5313333333334
2019-04-01,Catamarca,28.009666666666668
2019-04-01,Chaco,72.54966666666667
2019-04-01,Chubut,95.049
2019-04-01,Ciudad de Buenos Aires,1519.6256666666666
2019-04-01,Cordoba,499.35266666666666
2019-04-01,Corrientes,77.21266666666666
2019-04-01,Entre Rios,132.65466666666666
2019-04-01,Formosa,24.545666666666666
2019-04-01,Jujuy,60.312333333333335
2019-04-01,La Pampa,36.47533333333333
2019-04-01,La Rioja,29.014666666666667
2019-04-01,Mendoza,247.035
2019-04-01,Misiones,103.52466666666666
2019-04-01,Neuquen,121.279
2019-04-01,Rio Negro,103.16066666666667
2019-04-01,Salta,116.32933333333334
2019-04-01,San Juan,79.952
2019-04-01,San Luis,53.216
2019-04-01,Santa Cruz,56.388
2019-04-01,Santa Fe,500.95433333333335
2019-04-01,Santiago del Estero,51.39833333333333
2019-04-01,Tierra del Fuego,33.666666666666664
2019-04-01,Total Pais,6119.767
2019-04-01,Tucuman,170.416
2019-07-01,Buenos Aires,1895.8183333333334
2019-07-01,Catamarca,27.865666666666666
2019-07-01,Chaco,72.342
2019-07-01,Chubut,95.66266666666667
2019-07-01,Ciudad de Buenos Aires,1511.175
2019-07-01,Cordoba,495.35366666666664
2019-07-01,Corrientes,78.324
2019-07-01,Entre Rios,131.83666666666667
2019-07-01,Formosa,24.344333333333335
2019-07-01,Jujuy,60.553333333333335
2019-07-01,La Pampa,36.68933333333333
2019-07-01,La Rioja,28.380666666666666
2019-07-01,Mendoza,245.01500000000001
2019-07-01,Misiones,101.801
2019-07-01,Neuquen,122.756
2019-07-01,Rio Negro,102.628
2019-07-01,Salta,117.43066666666667
2019-07-01,San Juan,77.83333333333333
2019-07-01,San Luis,52.94
2019-07-01,Santa Cruz,56.847
2019-07-01,Santa Fe,498.51366666666667
2019-07-01,Santiago del Estero,51.17133333333334
2019-07-01,Tierra del Fuego,32.87133333333333
2019-07-01,Total Pais,6088.951666666666
2019-07-01,Tucuman,169.92366666666666
2019-10-01,Buenos Aires,1882.4353333333333
2019-10-01,Catamarca,27.646
2019-10-01,Chaco,72.04233333333333
2019-10-01,Chubut,94.86633333333333
2019-10-01,Ciudad de Buenos Aires,1488.399
2019-10-01,Cordoba,489.6666666666667
2019-10-01,Corrientes,76.34433333333334
2019-10-01,Entre Rios,132.57
2019-10-01,Formosa,24.132
2019-10-01,Jujuy,59.624
2019-10-01,La Pampa,36.42333333333333
2019-10-01,La Rioja,27.954333333333334
2019-10-01,Mendoza,242.33633333333333
2019-10-01,Misiones,100.516
2019-10-01,Neuquen,121.67766666666667
2019-10-01,Rio Negro,101.197
2019-10-01,Salta,116.03166666666667
2019-10-01,San Juan,76.08166666666666
2019-10-01,San Luis,51.744
2019-10-01,Santa Cruz,56.587666666666664
2019-10-01,Santa Fe,492.12033333333335
2019-10-01,Santiago del Estero,50.39666666666667
2019-10-01,Tierra del Fuego,32.062
2019-10-01,Total Pais,6022.628000000001
2019-10-01,Tucuman,168.63966666666667
2020-01-01,Buenos Aires,1870.7473333333332
2020-01-01,Catamarca,28.042333333333332
2020-01-01,Chaco,71.03166666666667
2020-01-01,Chubut,95.15766666666666
2020-01-01,Ciudad de Buenos Aires,1472.9976666666666
2020-01-01,Cordoba,486.326
2020-01-01,Corrientes,75.524
2020-01-01,Entre Rios,130.59
2020-01-01,Formosa,23.858
2020-01-01,Jujuy,59.239
2020-01-01,La Pampa,35.969
2020-01-01,La Rioja,28.182333333333332
2020-01-01,Mendoza,238.907
2020-01-01,Misiones,99.534
2020-01-01,Neuquen,120.81099999999999
2020-01-01,Rio Negro,100.739
2020-01-01,Salta,114.81933333333333
2020-01-01,San Juan,75.55966666666666
2020-01-01,San Luis,50.608333333333334
2020-01-01,Santa Cruz,56.54666666666667
2020-01-01,Santa Fe,487.44866666666667
2020-01-01,Santiago del Estero,50.026666666666664
2020-01-01,Tierra del Fuego,32.45466666666667
2020-01-01,Total Pais,5975.553666666667
2020-01-01,Tucuman,166.806
2020-04-01,Buenos Aires,1834.709
2020-04-01,Catamarca,26.387999999999998
2020-04-01,Chaco,68.94166666666666
2020-04-01,Chubut,93.17699999999999
2020-04-01,Ciudad de Buenos Aires,1428.723
2020-04-01,Cordoba,474.299
2020-04-01,Corrientes,74.13266666666667
2020-04-01,Entre Rios,128.96266666666668
2020-04-01,Formosa,23.222
2020-04-01,Jujuy,57.352666666666664
2020-04-01,La Pampa,35.39833333333333
2020-04-01,La Rioja,26.756
2020-04-01,Mendoza,228.81766666666667
2020-04-01,Misiones,97.539
2020-04-01,Neuquen,115.03066666666666
2020-04-01,Rio Negro,98.97166666666666
2020-04-01,Salta,110.86533333333333
2020-04-01,San Juan,71.244
2020-04-01,San Luis,49.85633333333333
2020-04-01,Santa Cruz,55.34466666666667
2020-04-01,Santa Fe,476.1433333333333
2020-04-01,Santiago del Estero,48.823
2020-04-01,Tierra del Fuego,31.77433333333333
2020-04-01,Total Pais,5821.252666666667
2020-04-01,Tucuman,165.28166666666667
2020-07-01,Buenos Aires,1836.3636666666666
2020-07-01,Catamarca,26.577666666666666
2020-07-01,Chaco,69.508
2020-07-01,Chubut,92.207
2020-07-01,Ciudad de Buenos Aires,1415.6426666666666
2020-07-01,Cordoba,473.8976666666667
2020-07-01,Corrientes,74.28433333333334
2020-07-01,Entre Rios,128.54633333333334
2020-07-01,Formosa,22.948666666666664
2020-07-01,Jujuy,56.428333333333335
2020-07-01,La Pampa,35.493
2020-07-01,La Rioja,26.763
2020-07-01,Mendoza,226.98533333333333
2020-07-01,Misiones,97.62333333333333
2020-07-01,Neuquen,110.24266666666666
2020-07-01,Rio Negro,98.62933333333334
2020-07-01,Salta,108.28066666666666
2020-07-01,San Juan,71.21466666666667
2020-07-01,San Luis,50.533
2020-07-01,Santa Cruz,55.60033333333333
2020-07-01,Santa Fe,476.778
2020-07-01,Santiago del Estero,47.762
2020-07-01,Tierra del Fuego,32.99366666666667
2020-07-01,Total Pais,5797.215999999999
2020-07-01,Tucuman,162.888
2020-10-01,Buenos Aires,1837.462
2020-10-01,Catamarca,26.694333333333333
2020-10-01,Chaco,70.26133333333333
2020-10-01,Chubut,92.55199999999999
2020-10-01,Ciudad de Buenos Aires,1408.9756666666667
2020-10-01,Cordoba,475.1946666666667
2020-10-01,Corrientes,74.68766666666667
2020-10-01,Entre Rios,128.08533333333332
2020-10-01,Formosa,23.314666666666668
2020-10-01,Jujuy,55.99766666666667
2020-10-01,La Pampa,35.76566666666667
2020-10-01,La Rioja,26.92
2020-10-01,Mendoza,227.542
2020-10-01,Misiones,97.78099999999999
2020-10-01,Neuquen,110.18733333333333
2020-10-01,Rio Negro,100.05799999999999
2020-10-01,Salta,108.05066666666667
2020-10-01,San Juan,72.27433333333333
2020-10-01,San Luis,51.35066666666667
2020-10-01,Santa Cruz,54.864666666666665
2020-10-01,Santa Fe,479.27166666666665
2020-10-01,Santiago del Estero,48.626333333333335
2020-10-01,Tierra del Fuego,34.84
2020-10-01,Total Pais,5805.308
2020-10-01,Tucuman,163.36566666666667
2021-01-01,Buenos Aires,1845.6953333333333
2021-01-01,Catamarca,27.462333333333333
2021-01-01,Chaco,71.266
2021-01-01,Chubut,92.588
2021-01-01,Ciudad de Buenos Aires,1411.4073333333333
2021-01-01,Cordoba,477.552
2021-01-01,Corrientes,75.41566666666667
2021-01-01,Entre Rios,129.63433333333333
2021-01-01,Formosa,24.006999999999998
2021-01-01,Jujuy,56.22266666666667
2021-01-01,La Pampa,35.85
2021-01-01,La Rioja,27.442999999999998
2021-01-01,Mendoza,228.339
2021-01-01,Misiones,99.44166666666666
2021-01-01,Neuquen,111.03266666666667
2021-01-01,Rio Negro,100.42133333333334
2021-01-01,Salta,110.347
2021-01-01,San Juan,73.499
2021-01-01,San Luis,51.75966666666667
2021-01-01,Santa Cruz,54.93333333333333
2021-01-01,Santa Fe,485.3043333333333
2021-01-01,Santiago del Estero,49.029666666666664
2021-01-01,Tierra del Fuego,34.783
2021-01-01,Total Pais,5841.117333333333
2021-01-01,Tucuman,163.766
2021-04-01,Buenos Aires,1865.0756666666666
2021-04-01,Catamarca,27.920666666666666
2021-04-01,Chaco,71.89966666666666
2021-04-01,Chubut,93.376
2021-04-01,Ciudad de Buenos Aires,1418.8226666666667
2021-04-01,Cordoba,486.55400000000003
2021-04-01,Corrientes,76.10733333333333
2021-04-01,Entre Rios,131.008
2021-04-01,Formosa,24.056
2021-04-01,Jujuy,57.946
2021-04-01,La Pampa,36.217333333333336
2021-04-01,La Rioja,28.033
2021-04-01,Mendoza,229.98566666666667
2021-04-01,Misiones,101.45066666666666
2021-04-01,Neuquen,113.65899999999999
2021-04-01,Rio Negro,101.641
2021-04-01,Salta,112.18066666666667
2021-04-01,San Juan,75.47433333333333
2021-04-01,San Luis,51.794333333333334
2021-04-01,Santa Cruz,57.18066666666667
2021-04-01,Santa Fe,490.577
2021-04-01,Santiago del Estero,49.2
2021-04-01,Tierra del Fuego,34.76833333333333
2021-04-01,Total Pais,5897.963333333334
2021-04-01,Tucuman,163.98566666666667
2021-07-01,Buenos Aires,1868.588
2021-07-01,Catamarca,28.564
2021-07-01,Chaco,72.05866666666667
2021-07-01,Chubut,94.22733333333333
2021-07-01,Ciudad de Buenos Aires,1422.5513333333333
2021-07-01,Cordoba,489.0316666666667
2021-07-01,Corrientes,76.343
2021-07-01,Entre Rios,132.10766666666666
2021-07-01,Formosa,24.287
2021-07-01,Jujuy,58.22366666666667
2021-07-01,La Pampa,35.967333333333336
2021-07-01,La Rioja,27.878666666666668
2021-07-01,Mendoza,230.22233333333332
2021-07-01,Misiones,101.20233333333333
2021-07-01,Neuquen,115.46466666666667
2021-07-01,Rio Negro,101.38833333333334
2021-07-01,Salta,112.782
2021-07-01,San Juan,76.34566666666667
2021-07-01,San Luis,51.63466666666667
2021-07-01,Santa Cruz,57.879
2021-07-01,Santa Fe,492.84766666666667
2021-07-01,Santiago del Estero,49.61233333333333
2021-07-01,Tierra del Fuego,34.518
2021-07-01,Total Pais,5918.905666666667
2021-07-01,Tucuman,165.10266666666666
2021-10-01,Buenos Aires,1886.491
2021-10-01,Catamarca,29.807666666666666
2021-10-01,Chaco,72.89
2021-10-01,Chubut,93.87533333333333
2021-10-01,Ciudad de Buenos Aires,1436.696
2021-10-01,Cordoba,494.3806666666667
2021-10-01,Corrientes,76.62333333333333
2021-10-01,Entre Rios,132.22299999999998
2021-10-01,Formosa,24.878666666666668
2021-10-01,Jujuy,58.77166666666667
2021-10-01,La Pampa,36.559333333333335
2021-10-01,La Rioja,28.387666666666668
2021-10-01,Mendoza,232.56266666666667
2021-10-01,Misiones,102.12233333333333
2021-10-01,Neuquen,117.68366666666667
2021-10-01,Rio Negro,103.71966666666667
2021-10-01,Salta,113.52933333333334
2021-10-01,San Juan,77.43533333333333
2021-10-01,San Luis,52.35033333333333
2021-10-01,Santa Cruz,57.527
2021-10-01,Santa Fe,497.754
2021-10-01,Santiago del Estero,50.465333333333334
2021-10-01,Tierra del Fuego,34.592333333333336
2021-10-01,Total Pais,5976.980666666666
2021-10-01,Tucuman,164.309
2022-01-01,Buenos Aires,1917.4556666666667
2022-01-01,Catamarca,30.631333333333334
2022-01-01,Chaco,74.036
2022-01-01,Chubut,95.31333333333333
2022-01-01,Ciudad de Buenos Aires,1452.2073333333333
2022-01-01,Cordoba,500.7513333333333
2022-01-01,Corrientes,76.63233333333334
2022-01-01,Entre Rios,134.439
2022-01-01,Formosa,25.584666666666667
2022-01-01,Jujuy,60.96633333333333
2022-01-01,La Pampa,37.36566666666667
2022-01-01,La Rioja,29.719
2022-01-01,Mendoza,236.01266666666666
2022-01-01,Misiones,103.35833333333333
2022-01-01,Neuquen,120.325
2022-01-01,Rio Negro,105.43766666666667
2022-01-01,Salta,113.911
2022-01-01,San Juan,79.42933333333333
2022-01-01,San Luis,53.536
2022-01-01,Santa Cruz,58.77
2022-01-01,Santa Fe,503.45166666666665
2022-01-01,Santiago del Estero,51.92166666666667
2022-01-01,Tierra del Fuego,35.891666666666666
2022-01-01,Total Pais,6062.341666666667
2022-01-01,Tucuman,165.20433333333332
2022-04-01,Buenos Aires,1943.9036666666666
2022-04-01,Catamarca,32.31666666666667
2022-04-01,Chaco,75.285
2022-04-01,Chubut,96.87866666666666
2022-04-01,Ciudad de Buenos Aires,1470.118
2022-04-01,Cordoba,507.88666666666666
2022-04-01,Corrientes,77.436
2022-04-01,Entre Rios,135.62966666666665
2022-04-01,Formosa,26.404333333333334
2022-04-01,Jujuy,61.754333333333335
2022-04-01,La Pampa,38.098
2022-04-01,La Rioja,30.461333333333332
2022-04-01,Mendoza,238.935
2022-04-01,Misiones,103.63133333333333
2022-04-01,Neuquen,122.81333333333333
2022-04-01,Rio Negro,106.70133333333334
2022-04-01,Salta,116.3
2022-04-01,San Juan,81.676
2022-04-01,San Luis,53.966
2022-04-01,Santa Cruz,59.443333333333335
2022-04-01,Santa Fe,509.57233333333335
2022-04-01,Santiago del Estero,53.358000000000004
2022-04-01,Tierra del Fuego,37.903
2022-04-01,Total Pais,6142.107000000001
2022-04-01,Tucuman,163.435
2022-07-01,Buenos Aires,1960.3856666666666
2022-07-01,Catamarca,33.88366666666666
2022-07-01,Chaco,77.20333333333333
2022-07-01,Chubut,97.61266666666667
2022-07-01,Ciudad de Buenos Aires,1486.7296666666666
2022-07-01,Cordoba,516.193
2022-07-01,Corrientes,78.53066666666666
2022-07-01,Entre Rios,136.724
2022-07-01,Formosa,27.423000000000002
2022-07-01,Jujuy,62.07266666666667
2022-07-01,La Pampa,39.00366666666667
2022-07-01,La Rioja,31.140333333333334
2022-07-01,Mendoza,242.26366666666667
2022-07-01,Misiones,107.44033333333333
2022-07-01,Neuquen,125.48233333333333
2022-07-01,Rio Negro,108.74133333333333
2022-07-01,Salta,118.97833333333334
2022-07-01,San Juan,82.43866666666666
2022-07-01,San Luis,54.43366666666667
2022-07-01,Santa Cruz,59.495000000000005
2022-07-01,Santa Fe,513.316
2022-07-01,Santiago del Estero,54.415333333333336
2022-07-01,Tierra del Fuego,38.085
2022-07-01,Total Pais,6212.759666666667
2022-07-01,Tucuman,161.213
2022-10-01,Buenos Aires,1973.9033333333334
2022-10-01,Catamarca,35.219
2022-10-01,Chaco,78.56833333333333
2022-10-01,Chubut,97.45566666666666
2022-10-01,Ciudad de Buenos Aires,1498.9763333333333
2022-10-01,Cordoba,521.9656666666667
2022-10-01,Corrientes,79.69766666666666
2022-10-01,Entre Rios,136.89666666666668
2022-10-01,Formosa,27.756666666666668
2022-10-01,Jujuy,61.611666666666665
2022-10-01,La Pampa,39.48
2022-10-01,La Rioja,31.78
2022-10-01,Mendoza,242.39366666666666
2022-10-01,Misiones,108.652
2022-10-01,Neuquen,129.824
2022-10-01,Rio Negro,109.79566666666668
2022-10-01,Salta,120.73266666666667
2022-10-01,San Juan,83.22566666666667
2022-10-01,San Luis,55.21033333333333
2022-10-01,Santa Cruz,59.721333333333334
2022-10-01,Santa Fe,516.4689999999999
2022-10-01,Santiago del Estero,54.88233333333333
2022-10-01,Tierra del Fuego,38.276333333333334
2022-10-01,Total Pais,6261.773999999999
2022-10-01,Tucuman,160.80533333333332
2023-01-01,Buenos Aires,1991.5933333333335
2023-01-01,Catamarca,36.416
2023-01-01,Chaco,80.06866666666667
2023-01-01,Chubut,98.01033333333334
2023-01-01,Ciudad de Buenos Aires,1509.4196666666667
2023-01-01,Cordoba,527.9003333333334
2023-01-01,Corrientes,80.79733333333334
2023-01-01,Entre Rios,139.58933333333334
2023-01-01,Formosa,27.536333333333335
2023-01-01,Jujuy,62.36366666666667
2023-01-01,La Pampa,40.262
2023-01-01,La Rioja,32.651666666666664
2023-01-01,Mendoza,242.77533333333335
2023-01-01,Misiones,108.76166666666667
2023-01-01,Neuquen,134.86866666666666
2023-01-01,Rio Negro,110.05633333333333
2023-01-01,Salta,123.018
2023-01-01,San Juan,82.75999999999999
2023-01-01,San Luis,55.592
2023-01-01,Santa Cruz,60.278
2023-01-01,Santa Fe,519.0763333333333
2023-01-01,Santiago del Estero,55.687
2023-01-01,Tierra del Fuego,38.775999999999996
2023-01-01,Total Pais,6315.239666666666
2023-01-01,Tucuman,161.51033333333334
2023-04-01,Buenos Aires,2009.9353333333333
2023-04-01,Catamarca,38.201
2023-04-01,Chaco,80.929
2023-04-01,Chubut,98.22933333333333
2023-04-01,Ciudad de Buenos Aires,1522.173
2023-04-01,Cordoba,532.0733333333334
2023-04-01,Corrientes,81.136
2023-04-01,Entre Rios,140.42166666666668
2023-04-01,Formosa,27.176333333333332
2023-04-01,Jujuy,62.20733333333333
2023-04-01,La Pampa,40.818333333333335
2023-04-01,La Rioja,33.35466666666667
2023-04-01,Mendoza,243.65433333333334
2023-04-01,Misiones,108.84833333333334
2023-04-01,Neuquen,139.34900000000002
2023-04-01,Rio Negro,110.812
2023-04-01,Salta,125.96433333333333
2023-04-01,San Juan,83.177
2023-04-01,San Luis,55.916
2023-04-01,Santa Cruz,61.095
2023-04-01,Santa Fe,522.4723333333334
2023-04-01,Santiago del Estero,56.025
2023-04-01,Tierra del Fuego,39.141
2023-04-01,Total Pais,6369.544
2023-04-01,Tucuman,159.19166666666666
2023-07-01,Buenos Aires,2024.3236666666667
2023-07-01,Catamarca,38.95666666666667
2023-07-01,Chaco,80.10600000000001
2023-07-01,Chubut,98.77333333333334
2023-07-01,Ciudad de Buenos Aires,1530.0963333333334
2023-07-01,Cordoba,532.4656666666666
2023-07-01,Corrientes,81.325
2023-07-01,Entre Rios,141.035
2023-07-01,Formosa,26.43
2023-07-01,Jujuy,61.40166666666667
2023-07-01,La Pampa,41.104
2023-07-01,La Rioja,33.662333333333336
2023-07-01,Mendoza,246.66166666666666
2023-07-01,Misiones,110.22133333333333
2023-07-01,Neuquen,142.03866666666667
2023-07-01,Rio Negro,111.13366666666667
2023-07-01,Salta,126.89166666666667
2023-07-01,San Juan,83.27866666666667
2023-07-01,San Luis,56.19233333333333
2023-07-01,Santa Cruz,61.26266666666667
2023-07-01,Santa Fe,523.5143333333333
2023-07-01,Santiago del Estero,55.53133333333333
2023-07-01,Tierra del Fuego,39.108
2023-07-01,Total Pais,6403.660666666667
2023-07-01,Tucuman,159.36066666666667
2023-10-01,Buenos Aires,2017.038
2023-10-01,Catamarca,39.025999999999996
2023-10-01,Chaco,77.517
2023-10-01,Chubut,97.642
2023-10-01,Ciudad de Buenos Aires,1528.737
2023-10-01,Cordoba,531.134
2023-10-01,Corrientes,79.947
2023-10-01,Entre Rios,138.94333333333333
2023-10-01,Formosa,24.657999999999998
2023-10-01,Jujuy,60.074333333333335
2023-10-01,La Pampa,40.88466666666667
2023-10-01,La Rioja,32.64333333333333
2023-10-01,Mendoza,243.96833333333333
2023-10-01,Misiones,108.51166666666667
2023-10-01,Neuquen,143.31266666666667
2023-10-01,Rio Negro,110.76866666666666
2023-10-01,Salta,127.518
2023-10-01,San Juan,81.283
2023-10-01,San Luis,55.00966666666667
2023-10-01,Santa Cruz,60.75233333333333
2023-10-01,Santa Fe,521.4616666666667
2023-10-01,Santiago del Estero,54.160333333333334
2023-10-01,Tierra del Fuego,37.56366666666666
2023-10-01,Total Pais,6369.618666666667
2023-10-01,Tucuman,159.819
2024-01-01,Buenos Aires,1990.9496666666666
2024-01-01,Catamarca,37.39566666666666
2024-01-01,Chaco,74.95466666666667
2024-01-01,Chubut,97.40266666666666
2024-01-01,Ciudad de Buenos Aires,1521.6006666666667
2024-01-01,Cordoba,526.0356666666667
2024-01-01,Corrientes,78.55766666666666
2024-01-01,Entre Rios,137.97133333333332
2024-01-01,Formosa,23.029333333333334
2024-01-01,Jujuy,58.632333333333335
2024-01-01,La Pampa,40.129666666666665
2024-01-01,La Rioja,30.971333333333334
2024-01-01,Mendoza,244.19266666666667
2024-01-01,Misiones,105.16333333333333
2024-01-01,Neuquen,142.46133333333333
2024-01-01,Rio Negro,110.33866666666667
2024-01-01,Salta,128.499
2024-01-01,San Juan,78.99866666666667
2024-01-01,San Luis,53.441
2024-01-01,Santa Cruz,60.195
2024-01-01,Santa Fe,516.1990000000001
2024-01-01,Santiago del Estero,51.542
2024-01-01,Tierra del Fuego,35.26866666666667
2024-01-01,Total Pais,6300.084666666666
2024-01-01,Tucuman,159.75366666666667
2024-04-01,Buenos Aires,1969.8516666666667
2024-04-01,Catamarca,36.9
2024-04-01,Chaco,74.11533333333333
2024-04-01,Chubut,97.066
2024-04-01,Ciudad de Buenos Aires,1514.3066666666666
2024-04-01,Cordoba,521.8003333333334
2024-04-01,Corrientes,78.158
2024-04-01,Entre Rios,136.31133333333332
2024-04-01,Formosa,22.165333333333333
2024-04-01,Jujuy,58.717666666666666
2024-04-01,La Pampa,39.318
2024-04-01,La Rioja,29.570666666666668
2024-04-01,Mendoza,243.74933333333334
2024-04-01,Misiones,104.593
2024-04-01,Neuquen,144.371
2024-04-01,Rio Negro,110.68033333333334
2024-04-01,Salta,128.85366666666667
2024-04-01,San Juan,77.518
2024-04-01,San Luis,52.82033333333333
2024-04-01,Santa Cruz,57.13466666666667
2024-04-01,Santa Fe,510.582
2024-04-01,Santiago del Estero,50.370333333333335
2024-04-01,Tierra del Fuego,34.54233333333333
2024-04-01,Total Pais,6250.565333333334
2024-04-01,Tucuman,160.47
2024-07-01,Buenos Aires,1963.745
2024-07-01,Catamarca,36.39266666666666
2024-07-01,Chaco,73.12366666666667
2024-07-01,Chubut,96.90966666666667
2024-07-01,Ciudad de Buenos Aires,1512.832
2024-07-01,Cordoba,520.8273333333333
2024-07-01,Corrientes,78.58066666666667
2024-07-01,Entre Rios,135.76466666666667
2024-07-01,Formosa,21.901
2024-07-01,Jujuy,58.81433333333334
2024-07-01,La Pampa,38.99066666666667
2024-07-01,La Rioja,29.473
2024-07-01,Mendoza,244.518
2024-07-01,Misiones,103.32966666666667
2024-07-01,Neuquen,146.77566666666667
2024-07-01,Rio Negro,111.072
2024-07-01,Salta,127.90833333333333
2024-07-01,San Juan,77.30766666666666
2024-07-01,San Luis,51.99366666666666
2024-07-01,Santa Cruz,56.861666666666665
2024-07-01,Santa Fe,509.3086666666667
2024-07-01,Santiago del Estero,49.809333333333335
2024-07-01,Tierra del Fuego,34.99633333333333
2024-07-01,Total Pais,6240.99
2024-07-01,Tucuman,160.46099999999998
2024-10-01,Buenos Aires,1970.4750000000001
2024-10-01,Catamarca,36.209666666666664
2024-10-01,Chaco,73.63466666666666
2024-10-01,Chubut,97.25099999999999
2024-10-01,Ciudad de Buenos Aires,1515.1336666666666
2024-10-01,Cordoba,520.1066666666667
2024-10-01,Corrientes,79.33566666666667
2024-10-01,Entre Rios,135.982
2024-10-01,Formosa,22.291666666666668
2024-10-01,Jujuy,59.193666666666665
2024-10-01,La Pampa,38.861666666666665
2024-10-01,La Rioja,29.506
2024-10-01,Mendoza,246.557
2024-10-01,Misiones,103.38666666666667
2024-10-01,Neuquen,147.07933333333332
2024-10-01,Rio Negro,110.87366666666667
2024-10-01,Salta,126.402
2024-10-01,San Juan,78.296
2024-10-01,San Luis,52.217333333333336
2024-10-01,Santa Cruz,57.08433333333333
2024-10-01,Santa Fe,509.798
2024-10-01,Santiago del Estero,50.00633333333333
2024-10-01,Tierra del Fuego,35.702333333333335
2024-10-01,Total Pais,6254.784333333334
2024-10-01,Tucuman,160.34966666666668
2025-01-01,Buenos Aires,1975.6946666666668
2025-01-01,Catamarca,37.309333333333335
2025-01-01,Chaco,73.89933333333333
2025-01-01,Chubut,96.691
2025-01-01,Ciudad de Buenos Aires,1513.5593333333334
2025-01-01,Cordoba,520.8686666666667
2025-01-01,Corrientes,80.42466666666667
2025-01-01,Entre Rios,136.83566666666667
2025-01-01,Formosa,22.774333333333335
2025-01-01,Jujuy,59.37866666666667
2025-01-01,La Pampa,38.79366666666667
2025-01-01,La Rioja,29.074666666666666
2025-01-01,Mendoza,246.666
2025-01-01,Misiones,102.901
2025-01-01,Neuquen,147.94466666666668
2025-01-01,Rio Negro,110.70366666666666
2025-01-01,Salta,123.986
2025-01-01,San Juan,79.41966666666667
2025-01-01,San Luis,52.62566666666667
2025-01-01,Santa Cruz,55.262
2025-01-01,Santa Fe,510.246
2025-01-01,Santiago del Estero,50.25833333333333
2025-01-01,Tierra del Fuego,35.90166666666667
2025-01-01,Total Pais,6255.772666666667
2025-01-01,Tucuman,160.572
2025-04-01,Buenos Aires,1981.9853333333333
2025-04-01,Catamarca,35.971666666666664
2025-04-01,Chaco,72.98033333333333
2025-04-01,Chubut,93.37466666666667
2025-04-01,Ciudad de Buenos Aires,1512.9616666666666
2025-04-01,Cordoba,521.8446666666666
2025-04-01,Corrientes,80.17933333333333
2025-04-01,Entre Rios,136.98966666666666
2025-04-01,Formosa,22.959
2025-04-01,Jujuy,59.144
2025-04-01,La Pampa,38.922
2025-04-01,La Rioja,29.551333333333336
2025-04-01,Mendoza,246.238
2025-04-01,Misiones,102.73633333333333
2025-04-01,Neuquen,148.43233333333333
2025-04-01,Rio Negro,110.891
2025-04-01,Salta,122.69666666666667
2025-04-01,San Juan,79.70633333333333
2025-04-01,San Luis,52.696
2025-04-01,Santa Cruz,52.79333333333334
2025-04-01,Santa Fe,512.3956666666667
2025-04-01,Santiago del Estero,50.14533333333333
2025-04-01,Tierra del Fuego,35.81366666666667
2025-04-01,Total Pais,6260.693
2025-04-01,Tucuman,161.94833333333332
2025-07-01,Buenos Aires,1980.198
2025-07-01,Catamarca,35.893
2025-07-01,Chaco,72.562
2025-07-01,Chubut,89.625
2025-07-01,Ciudad de Buenos Aires,1506.441
2025-07-01,Cordoba,520.922
2025-07-01,Corrientes,79.706
2025-07-01,Entre Rios,136.617
2025-07-01,Formosa,22.848
2025-07-01,Jujuy,58.488
2025-07-01,La Pampa,38.914
2025-07-01,La Rioja,29.141
2025-07-01,Mendoza,246.828
2025-07-01,Misiones,102.263
2025-07-01,Neuquen,148.38
2025-07-01,Rio Negro,110.783
2025-07-01,Salta,121.91
2025-07-01,San Juan,79.858
2025-07-01,San Luis,52.419
2025-07-01,Santa Cruz,51.877
2025-07-01,Santa Fe,512.616
2025-07-01,Santiago del Estero,50.762
2025-07-01,Tierra del Fuego,35.348
2025-07-01,Total Pais,6244.152000000001
2025-07-01,Tucuman,161.741
